Keyword,User,Retweet,Likes,Tweet,Time
animation,DI0RDENKI,0,0,I think diluc should get a new idle animation where he is cleaning a glass or mixing a drink,2022-03-19 17:15:25+00:00
animation,SagarGa39569425,0,0,"The plot of ""Don't Mess With The Cultivation Babysitter"" is like a roller coaster of emotion. It's riveting and full of surprises!
 
#comics #animation #illustration #bilibilicomics

https://t.co/Vxcx4FIVf8 https://t.co/ENaDPw0wjr",2022-03-19 17:15:08+00:00
animation,EDUARDO31245771,0,0,@SlipperyT @IamPahealCringe Slip do you have a video of this animation complete?,2022-03-19 17:15:15+00:00
animation,great_animation,0,0,Jesus Christ approves of ThunderCats Roar! https://t.co/Zdlxq1spxE,2022-03-19 17:15:16+00:00
animation,Aarya_pimparkar,0,0,"I love the art style in ""Love After Marriage"" so much! It's gorgeous! The character designs are amazing, too! Highly recommend!
 
#manga #animation #genshin  #comics

https://t.co/MtthbNP84K https://t.co/zDiWhqkFeL",2022-03-19 17:15:18+00:00
animation,fuzzyv_,0,0,"I love the art style in ""Don't Flirt With His Highness"" so much! It's gorgeous! The character designs are amazing, too! Highly recommend!
 
#manga #animation #genshin  #comics

https://t.co/x8gMe9cgM7 https://t.co/TlBtji0lxG",2022-03-19 17:15:18+00:00
animation,jkhomezi,0,0,"You'll find companies looking for a ""Graphic Designer"" who is into: Photography, Videography, Animation
Social Media Analytics

Who can use: Corel Draw, Adobe Photoshop, Adobe Illustrator, Adobe after effect, Cinema 4d/Blender/Maya

and are looking to pay 1500-2000gh
ei!!!!",2022-03-19 17:15:22+00:00
animation,blazingwish66,0,0,"The plot of ""Martial Rebel"" is like a roller coaster of emotion. It's riveting and full of surprises!
 
#comics #animation #illustration #bilibilicomics

https://t.co/aa6WAPxfUE https://t.co/hXV4rNb6Z0",2022-03-19 17:15:23+00:00
animation studio,jet_ruto,0,0,"@4011Ronin @RedLightning420 And my last point is no black clover would look horrible, even worse than the supposedly always horrible animation it has because those other Studio would not be able to handle the horrendous weekly schedule that comes with black clover. They wouldn't have as many outsourcing",2022-03-19 16:52:51+00:00
animation studio,jet_ruto,0,0,"@4011Ronin @RedLightning420 Connections as Studio Pierrot they've been doing long running anime for decades now only a few other studios have as well I can literally count them on my hand and even then they were never anywhere near the length of Pierrot or Toei animation e.g One Piece, bleach, Naruto, Dbz/s",2022-03-19 16:56:01+00:00
animation studio,animationjobs,3,4,"üì£ 2D Production Supervisor job with M2 Animation a Bangkok based studio üåè

ü¶∏ Working on creating TV Series, TVCs and High-Spec Short https://t.co/QiWWcZ0KVT https://t.co/bIHcZyChKg",2022-03-19 17:00:42+00:00
animation studio,ArtistBear_,0,0,"@samada_studio 9 left / 1.5 #XTZ 
ArtistBear in SpaceüêªüöÄ
Bear is beginning a journey to discover arts in other galaxies

#animation @TeiaCommunity #tezos
https://t.co/gNrN86lufP",2022-03-19 17:01:21+00:00
animation studio,dayronsimon,1,5,"Painting at O'208 Art studio
Oil/canvas
üíÆüå∏üé®
#art
#digitalart #animation #NFTGiveaway #NFTProject #NFTCommmunity #painting #Oilprices #galleryart #workshop #artforsale https://t.co/pZD1LWHhq2",2022-03-19 16:42:59+00:00
animation studio,The______Nomad,0,0,Finally on here ü•¥ü•≥ Check out our creative  studio based in Rotterdam but working everywhere‚ú®üíóüå∏!  #checkusout #thenomad #creative #letswork #work #3D #architecture #designer #animation #animate #alwaysonthemove #creativestudio                       https://t.co/DMZk8CK6x5,2022-03-19 17:11:43+00:00
animation studio,alysworldss,0,0,"BREAKING:
Director of Jujutsu Kaisen Leaves MAPPA To Launch Own Animation Studio.

Do you think it will a huge impact on the anime? 
Let us know your opinion in the comment section. 

READ FULL DETAILS : 
https://t.co/CccdGYZun0 https://t.co/KUkeDbmhOC",2022-03-19 17:12:15+00:00
animation studio,JustAPipsqueak4,0,0,"@LSuperSonicQ Yo just made this account rn to tell ya this, idk if you know this but The Wire short is on YouTube, I think. I just searched it cause I figured that it had to be an it is on YouTube, the audio ain‚Äôt to good but it‚Äôs there, I think it was uploaded by an animation studio.",2022-03-19 17:13:52+00:00
animation studio,IDrinkATea,0,0,@TheFrancoEC It's absurd how they haven't noticed you from Japan yet. If I were the head of an animation studio I would come and get you myself to get you to work for me.,2022-03-19 17:10:20+00:00
anime,evilchurros,0,0,Completed 86: Eighty Six Part 2 (https://t.co/XUXrAG4iNf) #AniList #„Ç®„Ç§„ÉÜ„Ç£„Ç∑„ÉÉ„ÇØ„Çπ,2022-03-19 17:15:22+00:00
anime,SparkyBlitz,0,0,"@sidhant This is beautiful üòçü•∫

I genuinely love the JP-India cultural relationship. I hope that we can get more cultural media collaboration a la The Legend of Prince Rama (1992). Anime as a medium of storytelling is v.compatible with the ""Chitrakatha"" style and the stories are good too",2022-03-19 17:15:24+00:00
anime,JustJalyn_,0,0,"Like bro I know you are busy dropping albums but I was actually enjoying that show üò≠

It was dope having an anime with a Black main character ‚úäüèæ https://t.co/Zf6Aiw6LxC",2022-03-19 17:15:23+00:00
anime,OxyFzsin,0,0,Completed 86: Eighty Six Part 2 (https://t.co/R8hUUfnaPF) #AniList #„Ç®„Ç§„ÉÜ„Ç£„Ç∑„ÉÉ„ÇØ„Çπ,2022-03-19 17:15:19+00:00
anime,Thunderiser2,0,0,Completed watching 86 Part 2 https://t.co/Aj6UEKJ1BS,2022-03-19 17:15:19+00:00
anime,feelinpeachy,0,0,Plans To Watch Boku no Hero Academia 6 (https://t.co/vIpihAUCMW) #AniList #heroaca_a,2022-03-19 17:15:19+00:00
anime,taffykit,0,0,"@PickledCookies @parappatherapp9 @laysonions5 @What936 The anime is fan-made, at their ages are 18+ in the anime. (The anime was also made without permission.) I haven't read the manga, and I don't want to. I see the manga and the anime as two seperate things, as one was written as a sexual teen manga, the other is an of-age ecchi.",2022-03-19 17:15:19+00:00
anime comedy,milkgvts,0,1,"Gokinjo Monogatari (1995)

üç°üìò

Comedy l Slice of Life l Drama

A little lesser known than other stuff by Ai Yazawa but def what u would expect from her work. Both the manga as anime are top tier visually. https://t.co/k8Q41i3gEN",2022-03-19 15:49:57+00:00
anime comedy,recmoata,1,2,"Day 2ü™ê
Anime:Kaguya-sama
Genres: Comedy, Romance, Slice of Life,psychological https://t.co/sOZMlf1sed",2022-03-19 16:58:40+00:00
anime comedy,RedditMemes18,0,0,"No mom, you are lying. 
/r/memes 

#meme #memes #funny #dankmemes #memesdaily #funnymemes #lol #follow #humor #like #dank #love #dankmeme #instagram #tiktok #comedy #memepage #lmao #fun #ol #anime #dailymemes #edgymemes #offensivememes #memestagram #bhfyp #funnymeme #instago‚Ä¶ https://t.co/sDwFJfjt5f",2022-03-19 16:47:25+00:00
anime comedy,Yam_EO_,0,0,Bojji might have a rival for best boy bc how can a 5year old make an anime so depressing??? That ‚Äúdepression‚Äù tag needs to be added next to the ‚Äúcomedy‚Äù and ‚Äúslice of life‚Äù tag. #kotarolivesalone #anime https://t.co/eCCiI639oF,2022-03-19 16:38:07+00:00
anime comedy,ProjectAxis1,1,1,"Working on issue 4 of 2100 Samurai. Sometimes having a Mature Rating actually helps the comedy. 
#cyberpunk #indiecomics #art #writing #michigan #detroit #comicbooks #anime #jokes #funny #humor #action #brutal https://t.co/NoZFlOdq5q",2022-03-19 16:30:03+00:00
anime comedy,AnimefanJ11,1,95,"The humor

Gintama is easily the funniest anime for me. It started a bit inconsistent but once it got going it became hilarious. 4th wall breaks and references also played a part that made the comedy even better. I can see myself going back to many of these episodes https://t.co/hs461dAEkR",2022-03-19 15:53:24+00:00
anime comedy,RedditMemes18,0,1,"Heavy acid rain 
/r/memes 

#meme #memes #funny #dankmemes #memesdaily #funnymemes #lol #follow #humor #like #dank #love #dankmeme #instagram #tiktok #comedy #memepage #lmao #fun #ol #anime #dailymemes #edgymemes #offensivememes #memestagram #bhfyp #funnymeme #instagood #mem‚Ä¶ https://t.co/vK8Gi8ED27",2022-03-19 15:47:15+00:00
anime comedy,ToonsMcDuck,0,1,"@ArnoRamone @AriaStrife Yes, it'll get an anime adaptation soon

I've been telling everyone to read it for the longest alongside Temple, Grand Blue and World Trigger

I stand behind Grand Blue being the best comedy manga ever drawn with Spy x Family being in top 10",2022-03-19 16:12:45+00:00
anime romance,minkawerkz,0,0,"@YapapaMirage Another thing about the 90s anime was that in the manga Mamoru was madly in love with Usagi, her biggest fan and supporter. I wish 90s anime Mamoru had more of those qualities. Like their love in the manga is probably my favorite romance of all time!",2022-03-19 16:32:19+00:00
anime romance,NoiseHERO,0,1,@Vitreous_Glassy But loves-me-for-no-reason-without-me-trying-and-fetishized-mental-health anime archtype romance fantasy #6!!! D:,2022-03-19 16:33:27+00:00
anime romance,AdamBombx1,1,1,Anime girl waifu bait romance slice of life is the worst and encourages bad habits. No overconfident sweet caring girl is going to save you bro and you have to get through your problems by actually facing them head on. You'll just get more depressed watching this shit. https://t.co/nLQc6m7YyP,2022-03-19 16:34:58+00:00
anime romance,iinarsiii,0,0,"@__fireforce This one... Looking at it I srsly need to watch more romance anime üíÄ Still never leaving my top ten tho, I've always liked this anime ever since I was a child https://t.co/G0cq49oQwU",2022-03-19 16:38:21+00:00
anime romance,recmoata,1,2,"Day 2ü™ê
Anime:Kaguya-sama
Genres: Comedy, Romance, Slice of Life,psychological https://t.co/sOZMlf1sed",2022-03-19 16:58:40+00:00
anime romance,Jinwife0007,0,3,Suggest me some romance anime üî™,2022-03-19 17:07:54+00:00
anime romance,yaephobic,0,0,someone give romance webtoon kdrama anime recs please i‚Äôm on my knees begging,2022-03-19 17:09:37+00:00
anime romance,tanbace,0,2,Remembering the time I posted kaneruno pics &amp; someone asked me what romance anime it was,2022-03-19 16:28:02+00:00
bl anime,Silverscribble1,0,0,But funnily enough people don't talk about it in my circles because they'd much rather take issue with any fictional anime stylization of gay sex being consumed by afabs/enbies/women/amabs they do not designate as being allowed to consume BL.,2022-03-19 17:15:17+00:00
bl anime,getou_girl,0,1,"18/3/22

- JJK 0 DAAAAAAAAY
- pizza union w sarah n nicole
- trekked to the o2 then to north
- then back to stratford
- looked around foyles
- becoming the bl connoisseur
- watched the film at nine
- shakeeeeeee üëãüòê
- anime fans smell, god bless
- yuuta u are v slayful https://t.co/qdKUaZOXHy",2022-03-19 12:36:04+00:00
bl anime,gambsVNs,0,1,@wormby_ Idk she was mostly on the anime side of things and wouldn‚Äôt actually tell me what VNs she read. So probably BL tbh,2022-03-19 17:07:39+00:00
bl anime,selucent,0,0,I want to plug my anitwt once again: @heichouist If im not here definitely I‚Äôll be here for my anime/manga/bl stuff haha tenks! üß°,2022-03-19 16:38:06+00:00
bl anime,Ethensifa,0,1,"Hello if you like K-pop, kdrama, fan fictions, Novels, translated c novels, music, books, anime , rap, dance, animals, plants, poems, arts, BL drama, BL books, Manga, manhwa, manhua, webtoons, follow me I'll follow back. I made this account so I can have moots with same interest",2022-03-19 15:33:17+00:00
bl anime,Chaehyun_121,0,0,"Gosh! It make my heartbeat! üò≥
#anime #Handsomeanimeboy #Boylove #BL #aesthetics #Wattpad https://t.co/kWgD9UqtV4",2022-03-19 14:49:33+00:00
bl anime,sjinniekcals,0,3,i spent an hour and a half watching a sports anime bc a fujo told me it‚Äôs BL but it‚Äôs just a sports anime,2022-03-19 14:46:44+00:00
bl anime,dekacchaneu,0,0,"I was watching the anime in the summer of 2019 and lowkey shipping them.  A guy friend tagged me this in FB (he knows I'm into BL) and after that, it felt like something inside me was unlocked &amp; I saw the light. I never looked back ever since https://t.co/knqODJ7RA1 https://t.co/lcb1tDPWdu",2022-03-19 16:21:59+00:00
bl anime,Milika_Hikari,1,0,I THOUGHT STUFF LIKE THIS ONLY HAPPENS IN BL DRAMA AND ANIME??!?!? https://t.co/ayFzJWTEoF,2022-03-19 13:55:00+00:00
bl anime,iLUVmatsuno,0,0,"I FORGOT TO SAY THIS EARLIER please feel free to dm whenever!! i love talking to new people especially about my interests :((( nijisanji en, genshin + kpop are all topics i love love LOVE talking about ++ bl‚Äôs and anime so please dm whenever &lt;3",2022-03-19 13:16:56+00:00
bl anime,ardonysus,0,2,"i don‚Äôt wanna be pretty, i just wanna be the main character of a bl gacha game who has 8 pretty anime boyfriends, great sense of style, and beautiful smile. #NUcarnivalEn #NUcarnivaltwt #eiden #NUcarnival https://t.co/PnCo85v8bl",2022-03-19 13:08:27+00:00
bl anime,omniriseYT,0,0,"@CaribVros What about Jim mori bl
Jin kaijin or kaijin mori 
Jin kaiJIN similar 
And more of god of high school kg as they have pretty good moves in the anime like azure kick also renshiki rework would be great",2022-03-19 12:50:09+00:00
bl anime,catboyjeon,0,0,I rember when I was watching this bl anime at like 4am and GOSH I was kicking the air it was super cute,2022-03-19 12:46:39+00:00
bl anime,yechantiddies,0,2,so this anime kinda bl https://t.co/VRml1NIUHv,2022-03-19 14:11:54+00:00
fantasy anime,InCTjay,0,0,@PrimeIsPro It‚Äôs a fantasy anime they never are all action so tbh I won‚Äôt care regardless it‚Äôs just nice that s3 already in the works,2022-03-19 16:59:20+00:00
fantasy anime,kaosmoon_circle,1,3,"The Owl God of the Anasazi is one of the best animated cards from Kaos Moon.

Atomichub: https://t.co/g2gbVjqDVA
Kaos Moon NFTs on the Nefty Market: https://t.co/3a5DVs9f5a

#wax #nft #collectible #game #nftartist #anime #cryptogame #game #comicbooks #Fantasy #occult #arcturus https://t.co/VoOnX6gmoI",2022-03-19 16:01:09+00:00
fantasy anime,xFligga,0,0,"@__Poke___ It depends on what I‚Äôm watching the anime for, Re:Zero Subaru is insanely realistic but I was not watching a fantasy isekai for realism at that time so he was just annoying",2022-03-19 16:18:30+00:00
fantasy anime,isekaiyume,0,0,"Rank these isekai/fantasy anime p3

Gringar fantasy

Bofuri

Log horizon

Overlord

#anime #anitwt #overlord #bofuri #newseason #anime2022 https://t.co/ci1L1uWQeW",2022-03-19 16:18:33+00:00
fantasy anime,GeekyAnime2,0,0,"Best Supernatural and Fantasy Anime 2022.

https://t.co/8iYCThv6xz",2022-03-19 16:32:26+00:00
fantasy anime,NoiseHERO,0,1,@Vitreous_Glassy But loves-me-for-no-reason-without-me-trying-and-fetishized-mental-health anime archtype romance fantasy #6!!! D:,2022-03-19 16:33:27+00:00
fantasy anime,TheLordKK,0,0,@KingMokuzai @AshHeartRevive @Meerruemm @maimai04753 Bro dont understand what fiction means... Anything and everything which comes from imagination and not documentation or biographing something is fiction. So even ur everyday slice of life is fiction. What u mean is fantasy. There are also many fantasy slice of life anime bruh,2022-03-19 16:49:12+00:00
fantasy anime,cazlone,1,7,Once again I am telling you that Final Fantasy 14 is the best anime I have ever played.,2022-03-19 17:01:09+00:00
fantasy anime,Lord_Calf,0,0,"@Dj_AniMe As a Fan of your Work and Style i wanted to ask if you ever heard of #FFXIV aka Final Fantasy 14? Its a Online Game with an amazing Community around the world, where also Clubs are open and DJs play Live and if you would take a dive into it? Love from Vienna, Austria.",2022-03-19 16:25:00+00:00
from manga,420gyro,0,0,@Solvernia_ YESS it‚Äôs so satisfying to see them expand on the world! The adaptation from the manga is so good and the other scenes add a richness to the world,2022-03-19 17:03:10+00:00
from manga,Lixxieeey,0,0,"I love the art style in ""From Pakuri To Assistant?!"" so much! It's gorgeous! The character designs are amazing, too! Highly recommend!
 
#manga #animation #genshin  #comics

https://t.co/rQEhBpddEF https://t.co/mHdCQzQNdC",2022-03-19 17:07:51+00:00
from manga,Revon15238262,0,0,"excused from its flaws as an anime/manga, and thats ok, nothing is perfect, everything has flaws, some less important and some largely glaring like Naruto's lack of fleshing out cast, but even with that issue, the cast that was focused on has great emotions and where relatable https://t.co/0v2LPoE8T0",2022-03-19 17:10:16+00:00
from manga,MAMAO09498345,0,1,"Check out Rooster Fighter NFT, Metaverse NFT Avatar Collection from Smash hit Manga from Japan : Rooster Fighter NFT Whitelist ROUND 01 https://t.co/pf1zmAoiz9",2022-03-19 17:10:17+00:00
from manga,_GRAND_MALICE_,0,0,"@vylaluv Promised Neverland reboot. 

Deviate from the manga, focus more on the horror aspect of the series. S1 was God tier.",2022-03-19 17:13:42+00:00
from manga,DeadmanDecay,0,0,"@AlexOfAqua People are hating the current arc from manga for any silly reason they can find (most of hate is from people who just skipped most of story and started from dragon ball super or haven't watched it at all)

It has flaws I know, but it's still very enjoyable to read for me atleast",2022-03-19 17:05:23+00:00
from manga,g_planning,0,0,Check out #Anime Figure #Evangelion #ReiAyanami #otaku #manga  From Japan SEGA  #SEGA https://t.co/6C79oTgmfP via @eBay,2022-03-19 17:01:55+00:00
from manga,Jiinxsy,0,0,"I love the art style in ""An Adorable Panda Falls From the Sky: The Endearing Princess Attacks!"" so much! It's gorgeous! The character designs are amazing, too! Highly recommend!
 
#manga #animation #genshin  #comics

https://t.co/i8gMYrJ1NS https://t.co/38VhVxvaX7",2022-03-19 17:01:32+00:00
from manga,NusratJ87778071,0,1,@KusanagiMizuho @emura_staff Mam...Your fun part is too much cool and unique... i love it too much...I always feel happy when i read your manga...Don't feel confusion mam..You're doing your best in your Own  way..Take careüíôüíôYour fan from Bangladesh üáßüá©,2022-03-19 17:00:16+00:00
from manga,Jiinxsy,0,0,"I love the art style in ""An Adorable Panda Falls From the Sky: The Endearing Princess Attacks!"" so much! It's gorgeous! The character designs are amazing, too! Highly recommend!
 
#manga #animation #genshin  #comics

https://t.co/i8gMYrJ1NS https://t.co/1hUvFMJiEz",2022-03-19 16:59:39+00:00
from manga,SpaceSerius,0,0,@Raegenix @DTenpoles @RaidOude @Agiota_Do_Mar @DB_official_en You showed him a panel of the DBS Manga not the original DB manga that is where the pfps come from,2022-03-19 17:07:31+00:00
from manga,DrunkenReview_,0,0,@jjkstain @JamisonNilsson @Assfro101 @7SLASHLIGHTNING @YoungwiMn @SaylupGG üòÇbeing op and cool?Is that all you got from his character reading the manga ? Pathetic .  Gojo and getos bond? Gojo‚Äôs development throughout the whole plasma vessel arc? His god complex and while contradictorily wanting his students on his level for their own benefit etc etc smh,2022-03-19 17:05:26+00:00
from novel,DebraUllrick,0,0,"https://t.co/cS0FNj1B11
Being friends was not supposed to be this hard!
When You Sing a Love Song 
The Imagination Series Book 9
From Staci Stallings
A New Adult Novel about learning to become who you were always meant to be!
#newebook #bargainbooks #cheapbooks #ilovereading https://t.co/ZWL3CoN29a",2022-03-19 17:07:53+00:00
from novel,amateur_aaron,0,0,@gtoninn @Weerd_Science @PizzaALoveStory Oh nice. I remember passing it one time. I also might be thinking of ‚ÄúNew London‚Äù which I think was across the bridge from Groton. But it‚Äôs also been 10+ years since I was stationed there. But the mall in that area is where I found the SE Black Rainbow album with the novel!,2022-03-19 17:14:07+00:00
from novel,Gods_dawtah,0,0,"@IneyeRonke 

Sis, üôèüèø

My 1st authored novel titled THE STRANGE WOMAN.

It comes in an ebook format and costs 800 naira.

 Pls encourage your gal and support me by buying a copy from me pls üôèüèø https://t.co/sNfsFLLdXP",2022-03-19 17:13:53+00:00
from novel,LeBouffre,0,0,"@duane_pype @lesserspottedH It's basically lifted from Nineteen Eighty Four, George Orwell's novel. It's aimed at people who do not follow politics closely and are unaware they are being manipulated and lied to.",2022-03-19 17:12:02+00:00
from novel,DebraUllrick,0,0,"‚ÄúLessons I wish I knew decades ago.‚Äù
https://t.co/Mico8uqOUU
I‚ÄôLL LOVE YOU ENOUGH ~ Book 11
A New Adult Novel about learning to become who you were always meant to be!
From USA Today Best Selling Author Staci Stallings!
#indiepublishing #valuablelessons #mustread #dontmiss https://t.co/2AYJoQqInW",2022-03-19 17:11:15+00:00
from novel,ShunCaicc,0,0,"Across protocol is a novel bridging method that combines an optimistic oracle, bonded relayers and single-sided liquidity pools to provide decentralized instant transactions from rollup chains to Ethereum mainnet.
@AcrossProtocol @Crypt311",2022-03-19 17:10:56+00:00
from novel,Pictish_Paint,0,0,"@OdballsS @RAZ0RFIST I was literally going to get the original novel from my library but they may not be able to get it, so was looking up new and used copies and the FP link was just a Google shopping search result you often get at top of page..",2022-03-19 17:09:52+00:00
from novel,AeCantaloupe,0,0,"Is syn also from novel or new character? 
#CutiePieEP5",2022-03-19 17:09:19+00:00
from novel,eevalancaster,0,0,"You can go back to writing your next novel and we'll take care of your book. From designing marketing banners to Amazon optimization to social media management.
üìö¬†https://t.co/fRE3U8Rjwb 

#authors #writerslife #socialmediamarketing 
#bookmanagement #authorservices
#IARTG",2022-03-19 17:03:00+00:00
from novel,AmusanStephen5,0,0,"@samm1e10 I did waec last year Sir and I pass sir
So this is jamb form template I collected from cafe sir, I want to go and submit it on monday
They said is #4900 with cafe charges sir
#4700 is actual price sir with jamb disk and novel https://t.co/Jrobd5vnwT",2022-03-19 17:02:24+00:00
from novel,TantricTurds,0,1,"@riddle245 As someone who has had the opportunity to use VR for over 50+ hours, and an avid gamer my entire life, VR is so far away from anything that we want it to be. Its clunky, expensive, requires the perfect room, ect... VR is pretty trash to be honest. Novel yes, but still a gimmick.",2022-03-19 17:02:04+00:00
from novel,CLuxHayes,0,0,"‚ÄúEvery thought entering your awareness should be met by an indefatigable so-and-so who growls, 'Who Am I?' That‚Äôs right, freedom has no dimensions friendly to thinking.‚Äù
‚Äî Mothwood from the novel, Ghoul Story https://t.co/TccGkAaKba",2022-03-19 17:01:22+00:00
from novel,NorthVanCityLib,1,0,"#MiddleGradeMarch week 3: read a book by a BIPOC author!

""Measuring Up"" is a delicious graphic novel for foodies! Cici moves from Taiwan to Seattle with her parents, but misses her A-ma. A cooking contest might let her win a chance to visit! https://t.co/cVNGBiqBK4 #CityLibrary https://t.co/JQS14JxLtY",2022-03-19 17:01:19+00:00
from novel,srranons,0,0,desperate. I need them to communicate cause i miss happy sqq but i still don't forgive binghe and this feels like a plit from the novel so yeah ü•πü§û https://t.co/BW4VDFnZjv https://t.co/3FhwVqA4eT,2022-03-19 17:01:04+00:00
from novel,AmanikaKumar,1,2,#SGOMtg novel combination of ct and molecular subtype from @MayoGynecology @gynoncjnls https://t.co/FtWO4NOgxV,2022-03-19 17:00:45+00:00
harem,ayakafaerie,0,1,@yaephobic it's a manhwa. and it's about a girl who gets isekaied into the world of a web novel. it's a reverse harem (??) and it's fun omg,2022-03-19 17:12:17+00:00
harem,busanmuscle,0,0,bRO CHANGED MY MIND MINGYU HAREM SOOOOO YUMMMYYYYü§§ü§§ü§§ü§§ü§§ü§§ https://t.co/pJ5RYt6gp5,2022-03-19 17:15:02+00:00
pixar,nelliceus,0,0,@absoaisha Kena bridge of spirits it‚Äôs really cute and pretty like a Pixar movie and not a super long game I think you would like it!,2022-03-19 17:15:10+00:00
pixar,flouresche,0,0,"movie stories are getting cooler each day, disney &amp; pixar writers are really amazing",2022-03-19 17:14:52+00:00
pixar,Sahm_Reviews,0,0,Set aside family time to go see @PixarInsideOut. Entertaining for kids and adults. https://t.co/q34Bs1o2RC #InsideOutEvent #InsideOut,2022-03-19 17:14:56+00:00
pixar,Gothic_Ash,0,0,Check out this listing I just added to my #Poshmark closet: NWT Disney Pixar Coco Cold Shoulder Dress. https://t.co/yKzeebGsVS #shopmycloset @poshmarkapp,2022-03-19 17:14:39+00:00
school life,BieberJournals,0,0,so I have school and go about my daily life and AS PEOPLE MEET JUSTIN IN NEW YORK LIKE GOD WHY DONT YOU JUST MAKE IT POSSIBLE FOR ME TO MEET HIM OMG,2022-03-19 17:13:19+00:00
school life,STBree1,0,0,Lol the girls I high school that used to bully me‚Ä¶ look like life beat them the fuck up‚Ä¶ damn‚Ä¶ it really does pay to be nice üòÇüòÇ,2022-03-19 17:12:59+00:00
school life,ganitlabs,0,0,"making the entire school system in one or two indian language(s) is a task of our life time. this has to be done right with enough funding, with the right people and rigorous implementation. this is the only way to succeed. 8/n",2022-03-19 17:11:55+00:00
school life,Tracydr12,0,0,"@kvitkanadiia My husband was behind the curtain in czech and his family eventually fled to protect him from the Russian indoctrination in the school system.  People do not understand howindoctrination and mind control is thoroughly put into use through daily life, especially early age.",2022-03-19 17:10:28+00:00
school life,Manigarm,0,0,"Addendum: I was that kid in high school who never got actually invited to the mall. It was just fine if I came along. 3rd or 4th choice to invite to birthdays.

My academic social life isn't far off of that.",2022-03-19 17:13:55+00:00
school life,ashwurd,0,0,The funniest part of life is that I don‚Äôt talk to anyone from high school but still talk to my bestie from 10 years ago that I met in a Black Ops SND lobby,2022-03-19 17:13:29+00:00
school life,Mena_Mahan,0,0,@bintalshamsa @scottstoothpick Oh hard relate. My life was literally threatened like 4 times while I was in that school for being a ME/NA Jew‚Ä¶so not only was I being called a ‚Äúk*ke‚Äù and a ‚Äúdirty Jew‚Äù I was also called a terrorist for having a brown dad.,2022-03-19 17:13:22+00:00
school life,angiegurlcx,0,0,"i had like 4 dreams last night. 1. I was at some school event &amp; the place was huge &amp; pretty &amp; we were all dressed up &amp; my family was there &amp; as we were getting into the event,my moms friends mom (so obv old) almost fell &amp;i was like deadass fightin for my life trying not to laugh-",2022-03-19 17:14:20+00:00
seinen,Kur0Kaen,0,0,@Wictor2501 Isn‚Äôt Ghoul and Berserk Seinen?,2022-03-19 17:10:33+00:00
shoujo,BossJinxie,0,0,"@shoujo_vayne ""That top looks a little tight.
Lemme givw ya a hand with that-""",2022-03-19 17:13:27+00:00
shoujo,shoujo_vayne,0,0,"Perhaps he can adopt me as well.

Just a simple suggestion.",2022-03-19 17:12:55+00:00
shoujo,Tiff_Dragoon,0,0,"What Hidden gem anime to watch next?üòä
They all seems to be shoujoüòÖ",2022-03-19 17:12:19+00:00
shoujo,ih3artsumu,0,1,@kokobr1de i always wanted to watch it esp during my shoujo anime phase TAPI LUPE PLS BARU LPS HABIS TGK KIMI NI TODOKE SO FEELING BERCINTA ü§£,2022-03-19 17:10:10+00:00
shoujo,_aidoruhana,0,0,"My favourite shoujo manga hasn't updated in awhile, left on a cliffhanger too...--Oh! Did you hear that...? U-uwah, that's a little embarrassing...",2022-03-19 17:08:31+00:00
shoujo,CrazedCyan,0,0,"@shoujo_vayne "". . . Did I die and this is heaven ?""",2022-03-19 17:05:09+00:00
shounen,Deaththekid451,0,0,"@DEM0NICR0SES No they aren't,  read something outside of shounen and you'll find plenty of them",2022-03-19 17:14:47+00:00
shounen,mrpeepeemcgee,0,0,they just dont make animes like them anymore these days.. need me my long form expansive 100+ ep over the top gay shounen animes again,2022-03-19 16:58:53+00:00
shounen,_ryyuu_,0,0,@Wictor2501 @Yuuto_kun23 shounen and seinen aren‚Äôt even genres to begin with,2022-03-19 16:53:23+00:00
shounen,berserker144,0,6,Berserk and TG being labeled as a shounen at all physically hurts me https://t.co/q9SoM81nnB,2022-03-19 17:03:46+00:00
shounen,DeltaEuph,0,1,"@ShaKing807 Shounen fanbases really do have a bad reputation, it‚Äôs part of the reason I didn‚Äôt get into shounen for a long time",2022-03-19 17:03:39+00:00
shounen,CEOofKei,0,0,Shounen jump readers when they realize other demographics exist https://t.co/o8yg3RqswE https://t.co/YOgfZWQ1BM,2022-03-19 17:07:44+00:00
shounen,KhurisG,0,0,"@SHOUNEN_YOUTH Ran saan ka tumitingin ha!

looking at my boobies like this!",2022-03-19 17:08:37+00:00
shounen,ShokBox93,0,0,"Shounen fans really are the worst sometimes. I generally don't hate them, but this level of blatant disrespect and ignorance of the Japanese art scene is disgusting.",2022-03-19 17:09:02+00:00
shounen,NicholasKatsik2,0,0,@Ramroedeer Excellent thread really well articulated exploration of Gintoki as a character and what makes him unique to other Shounen MCs,2022-03-19 17:09:38+00:00
shounen,TetsuoTheGoat,0,1,@Wictor2501 Ik mfs don‚Äôt speak Japanese but it‚Äôs not that hard to understand the difference between Shounen and Seinen,2022-03-19 17:01:46+00:00
shounen,ThatNomadShad,0,0,@MoneyManami My favourite thing is that its definitely shounen,2022-03-19 17:00:24+00:00
shounen,Issame016,0,0,@Wictor2501 Bruh Berserk ain't even a shounen,2022-03-19 16:52:06+00:00
shounen,cangchim0n,0,0,@animefess_ shounen maid,2022-03-19 16:51:35+00:00
shounen,abstractasmr,0,0,(ASMR) A Shounen Bigfoot Massages You For 69 Minutes,2022-03-19 16:48:39+00:00
shounen,iinarsiii,0,0,@Pochitadoll Ppl who be calling hxh boring only like fast paced shounen and don't gaf about shit like character development. The characters were refreshing compared to other shounen anime because it was written in a more realistic way. It no doubt has the best overall rep in shounen also.,2022-03-19 16:42:35+00:00
shounen,iinarsiii,0,0,@nkkolo87 I found their relationship cute (not in a p+do way)... And for once their age actually effects their surroundings and character development a decent amount instead of only giving them a disadvantage in power against adult antagonists like in other shounen anime,2022-03-19 16:46:59+00:00
shounen,csweens147,0,1,jjk is shounen for hot people demon slayer is shounen for twinks and black clover is shounen for mouth breathers send tweet,2022-03-19 16:44:15+00:00
shounen,BoyishGirlie,0,0,"@JaZzmadazzNSFW Ah, mine is has junji ito, but also alot of shounen and some shoujo",2022-03-19 16:42:26+00:00
shounen ai,JoyEveLiezl,0,1,one of my top tiers shounen ai (manhwa)    may hangover pa akiz sa semantic error but yeah can't friggin wait https://t.co/xbuo8m1Lda,2022-03-18 14:55:41+00:00
shounen ai,AthyChii,0,3,"üåô : Can‚Äôt Help It 
‚ú® : Ongoing | Shounen Ai https://t.co/F1ODTBCbUI",2022-03-19 16:07:48+00:00
shounen ai,wkdaudgk,0,0,"im actually so sick of constantly seeing comments and tags under shounen ai mangas or even lgbtq movies of ""wait isnt this yaoi"" ""yaoi!!"" like no its fucking not jfc pls learn the difference, its so hard for me to find wholesome bl content now bc of this fr",2022-03-19 15:33:39+00:00
shounen ai,wkdaudgk,0,0,"is it just me or do ppl who constantly label ANYTHING gay as yaoi so fucking annoying?? like no, yaoi ‚â† bl/shounen ai/gay romance etc. yes its a variation of it but its specifically explicit content like???",2022-03-19 15:33:03+00:00
shounen ai,jeffrey19971401,0,3,am i experiencing some johnjae shounen ai anime? this doesn‚Äôt feel real and i need more heart over height üòûüò≠ https://t.co/0o2TwrEkjD,2022-03-19 14:42:04+00:00
shounen ai,Ladynot_,0,0,"Title: The Wind is in the Ear/ Stringy Wind in the Ear
Genre: Shounen Ai, Comedy, Romance, Romance https://t.co/h6McGGbJEF",2022-03-19 09:58:52+00:00
shounen ai,crazyprukman,0,1,"Done w/ #Â´å„Çè„Çå„ÇÇ„ÅÆ„Å®Â§™ÈôΩ! ü•≥ Our baby in the cover thinks everyone hates him. So he‚Äôs awkward and always alone, until he got paired w/ his crush, who is super friendly. Turns out, he is just misunderstood and too ikemen for them. Shounen ai but so much fun!!! ü•∞ü•∞ #BLmanga #yaoi https://t.co/3wh3dYkfZO",2022-03-19 08:25:35+00:00
shounen ai,jksbunscrunch,0,0,@SIPPlNG @hero_made_it I like sports anime and shounen ai and some shounen and then ¬Ø\_(„ÉÑ)_/¬Ø,2022-03-19 03:35:26+00:00
shounen ai,SYNKWANGYA,0,0,can ppl start reading seven days shounen ai its so good,2022-03-19 02:34:38+00:00
shounen ai,jungwonccat,0,0,"@sngsunhee vc prefere quais tipos de anime? shounen, shounen ai, slice of life, etc...",2022-03-18 23:15:04+00:00
shounen ai,itachisxwife,0,0,@monkeyD_lili no it‚Äôs a shounen ai,2022-03-18 21:19:46+00:00
shounen ai,freeeequiet,0,2,"""she fetisizes mlm!!!"" so you don't have nucarnival on your phone rn then right? you've never read a shounen ai manga? never shipped a gay pairing? good good I thought so because that's all she's done and you certainly wouldn't be a hypocrite. just checking

üòè (munches popcorn)",2022-03-18 20:17:20+00:00
shounen ai,jejejjeenii,0,0,@softsiv women who like BL or shounen ai,2022-03-19 13:26:25+00:00
shounen ai,tutwontawan,0,0,"@convomf anime 
sasaki to miyano
super lovers
given
banana fish (shounen ai)
dakaiichi
yarichin awokwok

film
call me by your name

series
2gether
enchante
lovely writer
we best love
cutie pie
not me
semantic error
wheres you eyes linger
dont say no
love by chance
history 3
kinn porsche",2022-03-19 04:15:49+00:00
slice of life anime,BluYuke,0,0,"a lot of the anime girls in slice of life anime aren't white, they take place in Japan, a country where only 1% of it's population are white and the creators of these slice of life anime have said many times that the girls in there are not white",2022-03-19 16:41:36+00:00
slice of life anime,TheLordKK,0,0,@KingMokuzai @AshHeartRevive @Meerruemm @maimai04753 Bro dont understand what fiction means... Anything and everything which comes from imagination and not documentation or biographing something is fiction. So even ur everyday slice of life is fiction. What u mean is fantasy. There are also many fantasy slice of life anime bruh,2022-03-19 16:49:12+00:00
slice of life anime,Yam_EO_,0,0,Bojji might have a rival for best boy bc how can a 5year old make an anime so depressing??? That ‚Äúdepression‚Äù tag needs to be added next to the ‚Äúcomedy‚Äù and ‚Äúslice of life‚Äù tag. #kotarolivesalone #anime https://t.co/eCCiI639oF,2022-03-19 16:38:07+00:00
slice of life anime,MeefDesu,0,1,"@Wachlandia Idk man, slice of life anime just laughs at me",2022-03-19 16:37:59+00:00
slice of life anime,AdamBombx1,1,1,Anime girl waifu bait romance slice of life is the worst and encourages bad habits. No overconfident sweet caring girl is going to save you bro and you have to get through your problems by actually facing them head on. You'll just get more depressed watching this shit. https://t.co/nLQc6m7YyP,2022-03-19 16:34:58+00:00
slice of life anime,neptunechaser,0,0,slice of life anime is the best stress reliever ngl,2022-03-19 16:06:57+00:00
slice of life anime,XenoX_89,0,1,@rezebombdv Best slice of life anime,2022-03-19 15:51:11+00:00
slice of life anime,milkgvts,0,1,"Gokinjo Monogatari (1995)

üç°üìò

Comedy l Slice of Life l Drama

A little lesser known than other stuff by Ai Yazawa but def what u would expect from her work. Both the manga as anime are top tier visually. https://t.co/k8Q41i3gEN",2022-03-19 15:49:57+00:00
slice of life anime,The_SinOfGreed,0,0,@latkedelrey Deadass just slice of life anime dialouge,2022-03-19 15:45:10+00:00
slice of life anime,nowlasd,0,17,"It's up now, the slice of life fan manga: https://t.co/uYC7T3GCrt

#GenshinImpact #Aether #Amber #Baronbunny #Manga #Anime #sliceoflife #stella #FANART https://t.co/0OCUhk67XE",2022-03-19 15:42:23+00:00
slice of life anime,TheLordKK,0,7,@AshHeartRevive @Meerruemm @maimai04753 Whoever says romance and slice of life are trash obviously haven't seen any cause there is at one season like 5-6 slice of life anime airing,2022-03-19 15:39:01+00:00
slice of life anime,prynzjon,0,2,Kotaro lives alone is so cute‚Ä¶but these arrows to the heart need to stop üòÇü•≤. I love slice of life anime so much,2022-03-19 14:55:23+00:00
slice of life anime,pumasoty,0,0,"not @ me abandoning my anime watchlist to watch something light and fluffy and cutesy after a v hectic semester.... saw ""kotaro lives alone"" on netflix and thought aha this sounds like a light slice of life watch..... i just finished it tonight and we... üíîüíîüíîüíî i need therapy",2022-03-19 14:42:14+00:00
slice of life anime,Asterrixxxx,0,0,"@C0RPSING Speak for urself dude
I watched a slice of life romance anime that I had to get approved by my father to watch",2022-03-19 14:18:29+00:00
slice of life anime,meiamigme,0,1,@NdAsO1312 Ehhh so far it‚Äôs just like any light slice of life anime... which could be boring for most but i could use some easy watch rn.,2022-03-19 13:33:33+00:00
slice of life anime,frexzty,0,0,most if not all slice of life anime can ever contend with yugioh gx,2022-03-19 12:50:55+00:00
slice of life anime,harshh2404,0,1,@ScorpX_13 Is this a slice of life anime ?,2022-03-19 12:34:32+00:00
slice of life anime,CookiePrinceRe1,0,0,"@ceezeXO Sweet haul! I'm not familiar with the manga series you've bought, but most of them look like slice of life and romance series, which are anime sub-genres I enjoy. I might need to check them out, someday.",2022-03-19 12:15:05+00:00
slice of life anime,nadtsun,0,0,slice of life anime either be the boring one or the one that you wish it was your life,2022-03-19 11:52:43+00:00
slice of life anime,K_M_Alba,0,1,"@JLeilies Nice, I could see it being a cool slice of life anime too üòä",2022-03-19 10:57:39+00:00
slice of life anime,ksoochingu,0,0,The shoot and the music.. this screams slice of life anime omg,2022-03-19 09:43:51+00:00
slice of life anime,pave_the_earth,0,1,face chekc. post face. fbi opennup we know ur watching derivative slice of life anime in there https://t.co/zRnLMU6KpU,2022-03-19 16:43:43+00:00
slice of life anime,personaosu,0,1,"i wish i could transport myself to a slice of life anime, im genuinely so fucking tired of my life",2022-03-19 16:50:06+00:00
slice of life anime,MonokoDeYN,0,4,oh i forgor my biggest obsessions which are dreams and slice of life anime,2022-03-19 09:35:43+00:00
slice of life anime,PennieyEU,0,1,I‚Äôm slice of life anime enjoyer now,2022-03-19 17:03:42+00:00
slice of life anime,chaehwon,0,0,"31. Just like how I say in number 25!

32. Idk what would be the title but maybe the genre would be slice of life with a bit angst.

33. Never.

34. Kim Chaewon! Self love is a must! ü•∞

35. About girlgroups.. anime.. and games? :c",2022-03-19 17:04:08+00:00
slice of life anime,ethereallypink,0,0,"This Netflix anime series hits me hard. 

It's beautiful üò≠üò≠ it's the perfect balance of comedy and slice of life. 

If i can come to anime world I'll adopt Kotaro myself and Mary karino

10/10 https://t.co/G6a7SEINLI",2022-03-19 09:42:15+00:00
slice of life anime,recmoata,1,2,"Day 2ü™ê
Anime:Kaguya-sama
Genres: Comedy, Romance, Slice of Life,psychological https://t.co/sOZMlf1sed",2022-03-19 16:58:40+00:00
sport anime,BoredAtGym,0,0,"People dreaming of a Hamilton #8 already üòÇüòÇ. Bro if you wanna watch fiction go look at some anime, the sport isn‚Äôt for you",2022-03-19 17:06:11+00:00
sport anime,Mon0u,0,0,@oniyoungx anime de sport,2022-03-19 17:05:37+00:00
sport anime,ryuuBot,0,0,"*watches sports anime of a sport I don't understand*
why do I like this",2022-03-19 16:59:06+00:00
sport anime,poserbuny,0,0,"i hate anything to do with war anything at all, weapons tanks planes, anything aesthetically connected to it but that fucking anime had me invested in god damn tank combat because it presented it void of war as a fucking sport, its unreal",2022-03-19 16:49:43+00:00
sport anime,P0SlTlVEVlBEZ,0,0,"chihayafuru, and i've given that anime multiple chances but i always end up finding it fcking boring because the plot revolves less around the sport more around the love triangle not a fan https://t.co/kIZuFVSbLT",2022-03-19 16:30:07+00:00
sport anime,53gaDr3amca5t,1,5,"If you want to make a sports anime or manga, you have to be one of two things:
1 Be a part of that actual sport and have in-depth experience with it (like Takehiko Inoue and basketball or George Morikawa and boxing)
2 Be autistically into it (like Shuichi Shigeno and car racing) https://t.co/IL6fZ5ztoP",2022-03-19 16:21:55+00:00
sport anime,raktimamchi,0,0,@Notsocoolfr @user12379788293 @Prxmiseiwnl Ya if a sport anime is like HAIKYUU then it doesn't have a complicated. And I am not complaining that HAIKYUU doesn't have a complicated plot.,2022-03-19 15:43:32+00:00
sport anime,the_pixelkitty,0,2,"I'm watching a such generic sport anime right now... It's reminding me why I usually avoid them. 

There's not even any Seiyuu I like in it...

someone: why are you still watching it?
Me: Because I started it? üòÇ",2022-03-19 15:40:49+00:00
sport anime,Notsocoolfr,0,0,@raktimamchi @user12379788293 @Prxmiseiwnl Yeah but my point is it's a sport anime it shouldn't have a complicated plot so i think in your logic all sport animes have a basic plot,2022-03-19 15:40:06+00:00
sport anime,Froluchin,0,1,"Day 8 

Favorite sport anime https://t.co/x2Q0Cxx2aM",2022-03-19 14:50:36+00:00
sport anime,kkukkungie,0,0,anjir bener juga bagas/fikri ini kek main character anime sport storyline üò≠ debuted unseeded and got into final üî•,2022-03-19 13:06:02+00:00
sport anime,lfyabrar,0,2,Sport anime storyline in real life https://t.co/gGGq9UMMtG,2022-03-19 12:42:40+00:00
sport anime,maoisaras,0,0,"I've started watching sport anime with Producer-chan in my free time. She keeps talking to me about ""yaoi""... but all I see is gal being pals!",2022-03-19 12:27:34+00:00
sport anime,Tehaass,0,1,"A random people found that I like anime:

The dude: What anime do you watch?

Me: Mostly sport and fighting anime.

The dude: You must be simping hard for the athletes in there.

Me: Well yeah, I love ikemen.

The f dude: Dont tell me they even turn u on?

Me: ?!?!?!?! ü§¨ ü§¨",2022-03-19 11:41:45+00:00
sport anime,IDAWON72,0,0,"@WayDropsBangers Haikyuu is a pretty basic sport anime
Forced drama in romance is usually stupid 
Cowboy bebop isn't very interesting and I watched it solely because of the music",2022-03-19 11:00:14+00:00
sport anime,bxckytxny,0,0,"that being said, i wish there was an ice hockey anime :( the real sport itself is full of lovely dudes who are super comfortable in who they are that they don't mind kissing each other's helmets and carrying each other dramatically. imagining how much further anime would take it.",2022-03-19 10:30:38+00:00
sport anime,bxckytxny,0,0,"i feel like there's the balance... if there isn't an anime, the players in real life for that sport will be gay enough so it's like an anime anyway. funny how that works.",2022-03-19 10:30:37+00:00
sport anime,bxckytxny,0,0,"i don't watch (most) sports but i watch sports anime. it's probably the gayest kind of anime i've ever seen without being BL. the only real sport i do watch is ice hockey, and that is, ironically, the gayest sport (affectionate). it's also the only one there isn't an anime for.",2022-03-19 10:30:37+00:00
sport anime,sukisse,0,1,"kuroko no basket (anime)
‚ûù as sport anime enjoyer, I'd say this show was fun. intense scene every playing, the bond between characters and how they built each characters with such attractive traits. wtw https://t.co/jWJhHISMq7",2022-03-19 10:04:44+00:00
sport anime,bloodycaths,0,0,Are they hot or just a sport anime characters,2022-03-19 14:36:03+00:00
sport anime,jaegerjjk,0,0,@chosoeso Best sport anime,2022-03-19 14:53:40+00:00
