Keyword,User,Tweet,Language,Time,User Location,Hashtag,Polarity,Likes,Retweet,Sentiment
anime comedy,FDAnime,ONIMAI Im Now Your Sister GenderBending Comedy Manga Gets TV Anime via Anime News Network News anime manga otaku,en,2022-04-23,M√©xico,"['anime', 'manga', 'otaku']",neutral,0.0,0.0,0.0
anime comedy,RyanSenpai94,RT WaifuAnimeMan Yui Anime My Teen Romantic Comedy SNAFU,en,2022-04-23,"Los Angeles, CA",[],neutral,0.0,187.0,0.0
anime comedy,__Kiyan,RT WaifuAnimeMan Yui Anime My Teen Romantic Comedy SNAFU,en,2022-04-23,Anor Londo,[],neutral,0.0,187.0,0.0
anime comedy,hUNDERSCORE_,RT WaifuAnimeMan Yui Anime My Teen Romantic Comedy SNAFU,en,2022-04-23,SoCal (626 area),[],neutral,0.0,258.0,0.0
anime comedy,IHateFallGuys,they are right thothere is a lot of unnecessary horny and anime comedy shit which just made the experience worse for me,en,2022-04-23,,[],negative,14.0,2.0,-0.1785714285714286
anime comedy,KaBeLiTO_,RT WaifuAnimeMan Yui Anime My Teen Romantic Comedy SNAFU,en,2022-04-23,,[],neutral,0.0,258.0,0.0
anime comedy,YEss9806412,RT WaifuAnimeMan Yui Anime My Teen Romantic Comedy SNAFU,en,2022-04-23,,[],neutral,0.0,257.0,0.0
anime comedy,gerarmat27,RT WaifuAnimeMan Yui Anime My Teen Romantic Comedy SNAFU,en,2022-04-23,,[],neutral,0.0,258.0,0.0
anime comedy,i8nyJvKq97Wxzlg,RT WaifuAnimeMan Yui Anime My Teen Romantic Comedy SNAFU,en,2022-04-23,,[],neutral,0.0,258.0,0.0
anime comedy,__Koku___,RT WaifuAnimeMan Yui Anime My Teen Romantic Comedy SNAFU,en,2022-04-23,Finland,[],neutral,0.0,181.0,0.0
anime comedy,DrDarkIL,RT WaifuAnimeMan Yui Anime My Teen Romantic Comedy SNAFU,en,2022-04-23,◊ô◊©◊®◊ê◊ú,[],neutral,0.0,258.0,0.0
anime comedy,terramorpher,RT WaifuAnimeMan Yui Anime My Teen Romantic Comedy SNAFU,en,2022-04-23,"–ü–µ—Ä–º—Å–∫–∏–π –∫—Ä–∞–π, –†–æ—Å—Å–∏—è",[],neutral,0.0,258.0,0.0
anime comedy,WaifuAnimeMan,RT WaifuAnimeMan Yui Anime My Teen Romantic Comedy SNAFU,en,2022-04-23,,[],neutral,0.0,258.0,0.0
anime comedy,WnDBpZa6hdUo1vb,RT WaifuAnimeMan Yui Anime My Teen Romantic Comedy SNAFU,en,2022-04-23,,[],neutral,0.0,258.0,0.0
anime comedy,ib_vwho,RT WaifuAnimeMan Yui Anime My Teen Romantic Comedy SNAFU,en,2022-04-23,,[],neutral,0.0,258.0,0.0
anime comedy,GarlandYu,RT WaifuAnimeMan Yui Anime My Teen Romantic Comedy SNAFU,en,2022-04-23,"San Francisco, CA",[],neutral,0.0,258.0,0.0
anime comedy,EnginoJuushichi,once in a while i think about how the first thing people see on my page is an anime girl avatarbut this particular aki pfp is godlike plus i made this one so its extra godlikethinking about non weebadjacent people meeting me and then seeing my twitter is peak comedy tho,en,2022-04-23,"Columbus, Ohio (He/Him)",[],positive,9.0,0.0,0.1388888888888888
anime comedy,StudiNAE,RT WaifuAnimeMan Yui Anime My Teen Romantic Comedy SNAFU,en,2022-04-23,StudiRegion,[],neutral,0.0,187.0,0.0
anime comedy,Andrey39773858,RT WaifuAnimeMan Yui Anime My Teen Romantic Comedy SNAFU,en,2022-04-23,,[],neutral,0.0,258.0,0.0
anime comedy,Topher_C17,Not what youd expect from a comedy about a 4 year old living by himself Theres a lot more deep character drama thats incredibly interestingCompleted watching Kotaro Lives Alone 910,en,2022-04-23,,[],positive,1.0,0.0,0.275
anime comedy,zbXycGNPRZPxqXT,RT WaifuAnimeMan Yui Anime My Teen Romantic Comedy SNAFU,en,2022-04-23,,[],neutral,0.0,258.0,0.0
anime comedy,sexywaifus3130,RT WaifuAnimeMan Yui Anime My Teen Romantic Comedy SNAFU,en,2022-04-23,,[],neutral,0.0,258.0,0.0
anime comedy,The_Otaku_kun,RT WaifuAnimeMan Yui Anime My Teen Romantic Comedy SNAFU,en,2022-04-23,,[],neutral,0.0,181.0,0.0
anime comedy,The_Otaku_kun,RT WaifuAnimeMan Yui Anime My Teen Romantic Comedy SNAFU,en,2022-04-23,,[],neutral,0.0,180.0,0.0
anime comedy,Eryu_04_,RT WaifuAnimeMan Yui Anime My Teen Romantic Comedy SNAFU,en,2022-04-23,,[],neutral,0.0,181.0,0.0
anime comedy,1059nekotora,RT WaifuAnimeMan Yui Anime My Teen Romantic Comedy SNAFU,en,2022-04-23,,[],neutral,0.0,181.0,0.0
anime comedy,KevinYu57858489,RT WaifuAnimeMan Yui Anime My Teen Romantic Comedy SNAFU,en,2022-04-23,,[],neutral,0.0,258.0,0.0
anime comedy,Manuel75312,RT WaifuAnimeMan Yui Anime My Teen Romantic Comedy SNAFU,en,2022-04-23,"Le√≥n, Guanajuato",[],neutral,0.0,258.0,0.0
anime comedy,365Maldon,RT WaifuAnimeMan Yui Anime My Teen Romantic Comedy SNAFU,en,2022-04-23,"New Romney, England",[],neutral,0.0,258.0,0.0
anime comedy,CODEGEASS_LL,RT WaifuAnimeMan Yui Anime My Teen Romantic Comedy SNAFU,en,2022-04-23,ÊÑõÁü•,[],neutral,0.0,258.0,0.0
anime comedy,paveldam17,RT WaifuAnimeMan Yui Anime My Teen Romantic Comedy SNAFU,en,2022-04-23,"Monterrey, Nuevo Le√≥n",[],neutral,0.0,258.0,0.0
anime comedy,pad_DBZ,RT WaifuAnimeMan Yui Anime My Teen Romantic Comedy SNAFU,en,2022-04-23,„Çã„Å®ÈªíÈñÉÊïôüëäüí•,[],neutral,0.0,181.0,0.0
anime comedy,EagisCorp,RT WaifuAnimeMan Yui Anime My Teen Romantic Comedy SNAFU,en,2022-04-23,World,[],neutral,0.0,258.0,0.0
anime comedy,Nateshi_Flamel,RT WaifuAnimeMan Yui Anime My Teen Romantic Comedy SNAFU,en,2022-04-23,"Santiago, Chile",[],neutral,0.0,258.0,0.0
anime comedy,HamdiNaoures,RT myanimelist News Cool Doji Danshi Play It Cool Guys comedy slice of life manga gets TV anime for Fall 2022 Chiaki Kon Gokushufud,en,2022-04-23,Tunisia,[],positive,0.0,35.0,0.35
anime comedy,YEss9806412,RT WaifuAnimeMan Yui Anime My Teen Romantic Comedy SNAFU,en,2022-04-23,,[],neutral,0.0,258.0,0.0
anime comedy,Leonard38262938,RT WaifuAnimeMan Yui Anime My Teen Romantic Comedy SNAFU,en,2022-04-23,,[],neutral,0.0,187.0,0.0
anime comedy,MoisimhoDest,RT WaifuAnimeMan Yui Anime My Teen Romantic Comedy SNAFU,en,2022-04-23,,[],neutral,0.0,187.0,0.0
anime comedy,DrFurball,Also aside from scattered moments of sakuga the animation was honestly not that great Really stiff and awkward Also not a fan of the character designs outside of the main five They all look very standard anime as did some of the physical comedy,en,2022-04-23,"Kentucky, USA",[],negative,1.0,0.0,-0.0184523809523809
anime comedy,AdeusAtlantida,RT WaifuAnimeMan Yui Anime My Teen Romantic Comedy SNAFU,en,2022-04-23,"Rio de Janeiro, Brasil",[],neutral,0.0,257.0,0.0
anime comedy,AllanMc34162402,RT WaifuAnimeMan Yui Anime My Teen Romantic Comedy SNAFU,en,2022-04-23,,[],neutral,0.0,181.0,0.0
anime comedy,Leonard38262938,RT WaifuAnimeMan Yui Anime My Teen Romantic Comedy SNAFU,en,2022-04-23,,[],neutral,0.0,181.0,0.0
anime comedy,MoisimhoDest,RT WaifuAnimeMan Yui Anime My Teen Romantic Comedy SNAFU,en,2022-04-23,,[],neutral,0.0,181.0,0.0
anime comedy,sexywaifus3130,RT WaifuAnimeMan Yui Anime My Teen Romantic Comedy SNAFU,en,2022-04-23,,[],neutral,0.0,257.0,0.0
anime comedy,AllanMc34162402,RT WaifuAnimeMan Yui Anime My Teen Romantic Comedy SNAFU,en,2022-04-23,,[],neutral,0.0,187.0,0.0
anime comedy,Nates1245,RT WaifuAnimeMan Yui Anime My Teen Romantic Comedy SNAFU,en,2022-04-23,42 year fine wine,[],neutral,0.0,180.0,0.0
anime comedy,Nates1245,RT WaifuAnimeMan Yui Anime My Teen Romantic Comedy SNAFU,en,2022-04-23,42 year fine wine,[],neutral,0.0,181.0,0.0
anime comedy,JRNorwood,RT Animasktv Watch Isekai Quartet Movie Another World Official Trailer 2Enjoy it Here To Help us Sub,en,2022-04-23,California,[],positive,0.0,1.0,0.4
anime comedy,AdeusAtlantida,RT WaifuAnimeMan Yui Anime My Teen Romantic Comedy SNAFU,en,2022-04-23,"Rio de Janeiro, Brasil",[],neutral,0.0,258.0,0.0
anime comedy,Troox325,RT WaifuAnimeMan Yui Anime My Teen Romantic Comedy SNAFU,en,2022-04-23,,[],neutral,0.0,258.0,0.0
anime comedy,CyberArtworks_9,RT WaifuAnimeMan Yui Anime My Teen Romantic Comedy SNAFU,en,2022-04-23,Hessen,[],neutral,0.0,258.0,0.0
anime comedy,Ruina_0502,RT WaifuAnimeMan Yui Anime My Teen Romantic Comedy SNAFU,en,2022-04-23,Ëá™Áî±„Å´Áîü„Åç„Çà„ÅÜ,[],neutral,0.0,188.0,0.0
anime comedy,nervousubject26,GH0ST1hng saiki k is a comedy anime that may help,en,2022-04-23,He/him | Ask2RT | ü™ítwt,[],neutral,1.0,0.0,0.0
anime comedy,Animasktv,Watch Isekai Quartet Movie Another World Official Trailer 2Enjoy it Here To Help us Subscribe Like and Share the VideoAnime Comedy Fantasy,en,2022-04-23,Phoenix (Arizona),"['Anime', 'Comedy', 'Fantasy']",positive,0.0,1.0,0.4
anime comedy,TheHowardWang,Let me and Alejandro do more comedy anime together,en,2022-04-23,,[],positive,55.0,5.0,0.5
anime comedy,Ruina_0502,RT WaifuAnimeMan Yui Anime My Teen Romantic Comedy SNAFU,en,2022-04-23,Ëá™Áî±„Å´Áîü„Åç„Çà„ÅÜ,[],neutral,0.0,181.0,0.0
anime comedy,SurbhitAgrawal7,RT myanimelist News Cool Doji Danshi Play It Cool Guys comedy slice of life manga gets TV anime for Fall 2022 Chiaki Kon Gokushufud,en,2022-04-23,,[],positive,0.0,34.0,0.35
anime comedy,sancchezy,RT WaifuAnimeMan Yui Anime My Teen Romantic Comedy SNAFU,en,2022-04-23,they/them ,[],neutral,0.0,181.0,0.0
anime comedy,CodyChatham2,RT Lokokabooster2 Yukino Anime My Teen Romantic Comedy SNAFU,en,2022-04-23,,[],neutral,0.0,92.0,0.0
anime comedy,mutantcore,RT WaifuVato Yui Anime My Teen Romantic Comedy SNAFU,en,2022-04-23,"Mexico City, Mexico",[],neutral,0.0,331.0,0.0
anime comedy,TwinSupaa,RT WaifuAnimeMan Yui Anime My Teen Romantic Comedy SNAFU,en,2022-04-23,,[],neutral,0.0,181.0,0.0
anime comedy,DarrelJDelfin,RT TheHowardWang Let me and Alejandro do more comedy anime together,en,2022-04-23,"Los Angeles, CA",[],positive,0.0,5.0,0.5
anime comedy,barton_ojo,RT WaifuAnimeMan Yui Anime My Teen Romantic Comedy SNAFU,en,2022-04-23,Mex,[],neutral,0.0,187.0,0.0
anime comedy,Gabe_Green_Lant,RT WaifuAnimeMan Yui Anime My Teen Romantic Comedy SNAFU,en,2022-04-23,Algun Lugar de Oa,[],neutral,0.0,181.0,0.0
anime comedy,Klepya,RT WaifuAnimeMan Yui Anime My Teen Romantic Comedy SNAFU,en,2022-04-23,Neuqu√©n,[],neutral,0.0,180.0,0.0
anime comedy,Zakybinia,olivertokar AnimeHype no bruh I just like comedy and the guy who has never raised a kid suddenly having to raise a kid trope you are looking too deep into it also shounen in anime is fucking boring,en,2022-04-23,,[],negative,3.0,0.0,-0.3333333333333333
anime comedy,paveldam17,RT WaifuAnimeMan Yui Anime My Teen Romantic Comedy SNAFU,en,2022-04-23,"Monterrey, Nuevo Le√≥n",[],neutral,0.0,257.0,0.0
anime comedy,Shariff206,RT WaifuAnimeMan Yui Anime My Teen Romantic Comedy SNAFU,en,2022-04-23,Bangalore,[],neutral,0.0,181.0,0.0
anime comedy,akibatan,‡∏≠‡∏ß‡∏™‡∏≤‡∏ô‡∏û‡∏µ‡πà‡∏ä‡∏≤‡∏¢ ‡∏Å‡∏•‡∏≤‡∏¢‡πÄ‡∏õ‡πá‡∏ô‡∏û‡∏µ‡πà‡∏™‡∏≤‡∏ß ‡∏°‡∏±‡∏á‡∏á‡∏∞ Oniichan wa Oshimai ‡∏õ‡∏£‡∏∞‡∏Å‡∏≤‡∏®‡∏ó‡∏≥‡∏≠‡∏ô‡∏¥‡πÄ‡∏°‡∏∞‡∏ó‡∏µ‡∏ß‡∏µ‡∏ã‡∏µ‡∏£‡∏µ‡∏™‡πå Akibatan,th,2022-04-23,Thailand,['Akibatan'],,2.0,1.0,0.0
anime comedy,xxxanimexxx20,RT WaifuAnimeMan Yui Anime My Teen Romantic Comedy SNAFU,en,2022-04-23,GALAXY,[],neutral,0.0,181.0,0.0
anime comedy,mags_duranb,Spy x Family anime is airing now I stil havent watched it for lack of time and also short attention span But I hope to do it this weekend A fun manga with amazing art the action sequences are my favorite and Endo sensei can do drama and comedy effortlessly a must read,en,2022-04-23,Mexico,[],positive,3.0,0.0,0.325
anime comedy,ApCmini,RT WaifuAnimeMan Yui Anime My Teen Romantic Comedy SNAFU,en,2022-04-23,,[],neutral,0.0,181.0,0.0
anime comedy,ccaipoh_11,RT myanimelist News Cool Doji Danshi Play It Cool Guys comedy slice of life manga gets TV anime for Fall 2022 Chiaki Kon Gokushufud,en,2022-04-23,¬Ø\_(„ÉÑ)_/¬Ø,[],positive,0.0,34.0,0.35
anime comedy,StudiNAE,RT WaifuAnimeMan Yui Anime My Teen Romantic Comedy SNAFU,en,2022-04-23,StudiRegion,[],neutral,0.0,181.0,0.0
anime comedy,RyanSenpai94,RT WaifuAnimeMan Yui Anime My Teen Romantic Comedy SNAFU,en,2022-04-23,"Los Angeles, CA",[],neutral,0.0,181.0,0.0
anime comedy,HamdiNaoures,RT myanimelist News Cool Doji Danshi Play It Cool Guys comedy slice of life manga gets TV anime for Fall 2022 Chiaki Kon Gokushufud,en,2022-04-23,Tunisia,[],positive,0.0,34.0,0.35
anime comedy,CallMeElie,I thought Kotaro Lives Alone was a wholesome comedy anime but Ive been crying every episode,en,2022-04-23,de_dust2 / Tamriel,[],negative,1.0,0.0,-0.2
anime comedy,__Kiyan,RT WaifuAnimeMan Yui Anime My Teen Romantic Comedy SNAFU,en,2022-04-23,Anor Londo,[],neutral,0.0,181.0,0.0
anime comedy,WnDBpZa6hdUo1vb,RT WaifuAnimeMan Yui Anime My Teen Romantic Comedy SNAFU,en,2022-04-23,,[],neutral,0.0,257.0,0.0
anime comedy,BenBroo96756107,RT WaifuAnimeMan Yui Anime My Teen Romantic Comedy SNAFU,en,2022-04-23,"New Egypt, NJ",[],neutral,0.0,181.0,0.0
anime comedy,Kishiito,RT WaifuAnimeMan Yui Anime My Teen Romantic Comedy SNAFU,en,2022-04-23,Hogwarts (Alicante),[],neutral,0.0,181.0,0.0
anime comedy,Death10817212,RT WaifuAnimeMan Yui Anime My Teen Romantic Comedy SNAFU,en,2022-04-23,,[],neutral,0.0,181.0,0.0
anime comedy,mutantcore,RT WaifuAnimeMan Yui Anime My Teen Romantic Comedy SNAFU,en,2022-04-23,"Mexico City, Mexico",[],neutral,0.0,181.0,0.0
anime comedy,FrozenBoy011,JohnnySpittin Only the Comedy anime can make me Cry,en,2022-04-23,Bamboozle island Philippines,[],neutral,0.0,0.0,0.0
anime comedy,barton_ojo,RT WaifuAnimeMan Yui Anime My Teen Romantic Comedy SNAFU,en,2022-04-23,Mex,[],neutral,0.0,181.0,0.0
anime comedy,JmaV8gf,RT WaifuAnimeMan Yui Anime My Teen Romantic Comedy SNAFU,en,2022-04-23,,[],neutral,0.0,181.0,0.0
anime comedy,TapestryWhite,RT WaifuAnimeMan Yui Anime My Teen Romantic Comedy SNAFU,en,2022-04-23,,[],neutral,0.0,181.0,0.0
anime comedy,kanika_sardar,RT myanimelist News Cool Doji Danshi Play It Cool Guys comedy slice of life manga gets TV anime for Fall 2022 Chiaki Kon Gokushufud,en,2022-04-23,India,[],positive,0.0,34.0,0.35
anime comedy,Hypezin10,RT WaifuAnimeMan Yui Anime My Teen Romantic Comedy SNAFU,en,2022-04-23,,[],neutral,0.0,181.0,0.0
anime comedy,enzogrcno,RT WaifuAnimeMan Yui Anime My Teen Romantic Comedy SNAFU,en,2022-04-23,,[],neutral,0.0,181.0,0.0
anime comedy,pekopekoJDM,RT WaifuAnimeMan Yui Anime My Teen Romantic Comedy SNAFU,en,2022-04-23,ÊØç„ÅÆ„ÅäËÖπ,[],neutral,0.0,181.0,0.0
anime comedy,huetaoh,RT WaifuAnimeMan Yui Anime My Teen Romantic Comedy SNAFU,en,2022-04-23,,[],neutral,0.0,181.0,0.0
anime comedy,SoulSoaring22,RT WaifuAnimeMan Yui Anime My Teen Romantic Comedy SNAFU,en,2022-04-23,"San Antonio, TX",[],neutral,0.0,180.0,0.0
anime comedy,AxcelCV1,RT WaifuAnimeMan Yui Anime My Teen Romantic Comedy SNAFU,en,2022-04-23,"Yuma, AZ",[],neutral,0.0,181.0,0.0
anime comedy,Klepya,RT WaifuAnimeMan Yui Anime My Teen Romantic Comedy SNAFU,en,2022-04-23,Neuqu√©n,[],neutral,0.0,181.0,0.0
anime comedy,kanika_sardar,RT myanimelist News Oniichan wa Oshimai Onimai Im Now Your Sister comedy slice of life manga gets TV anime Shingo Fujii Mushoku,en,2022-04-23,India,[],neutral,0.0,41.0,0.0
anime comedy,AlDawoo14,RT WaifuAnimeMan Yui Anime My Teen Romantic Comedy SNAFU,en,2022-04-23,,[],neutral,0.0,181.0,0.0
anime comedy,ChinChubb,AssHeaders CodeJbk another anime but its like comedy Isekai I think u might like it,en,2022-04-23,texas,[],neutral,1.0,0.0,0.0
anime comedy,LOKESHMANNA71,RT WaifuAnimeMan Yui Anime My Teen Romantic Comedy SNAFU,en,2022-04-23,,[],neutral,0.0,181.0,0.0
anime comedy,RyanSenpai94,RT WaifuAnimeMan Yui Anime My Teen Romantic Comedy SNAFU,en,2022-04-23,"Los Angeles, CA",[],neutral,0.0,180.0,0.0
anime comedy,Le_Monarque_,RT WaifuAnimeMan Yui Anime My Teen Romantic Comedy SNAFU,en,2022-04-23,,[],neutral,0.0,258.0,0.0
anime comedy,paveldam17,RT WaifuAnimeMan Yui Anime My Teen Romantic Comedy SNAFU,en,2022-04-23,"Monterrey, Nuevo Le√≥n",[],neutral,0.0,273.0,0.0
anime comedy,CODEGEASS_LL,RT WaifuAnimeMan Yui Anime My Teen Romantic Comedy SNAFU,en,2022-04-23,ÊÑõÁü•,[],neutral,0.0,273.0,0.0
anime comedy,Afrsada1,RT myanimelist News Oniichan wa Oshimai Onimai Im Now Your Sister comedy slice of life manga gets TV anime Shingo Fujii Mushoku,en,2022-04-23,Surabaya,[],neutral,0.0,44.0,0.0
anime comedy,365Maldon,RT WaifuAnimeMan Yui Anime My Teen Romantic Comedy SNAFU,en,2022-04-23,"New Romney, England",[],neutral,0.0,273.0,0.0
anime comedy,Manuel75312,RT WaifuAnimeMan Yui Anime My Teen Romantic Comedy SNAFU,en,2022-04-23,"Le√≥n, Guanajuato",[],neutral,0.0,273.0,0.0
anime comedy,CyberArtworks_9,RT WaifuAnimeMan Yui Anime My Teen Romantic Comedy SNAFU,en,2022-04-23,Hessen,[],neutral,0.0,273.0,0.0
anime comedy,DrDarkIL,RT WaifuAnimeMan Yui Anime My Teen Romantic Comedy SNAFU,en,2022-04-23,◊ô◊©◊®◊ê◊ú,[],neutral,0.0,273.0,0.0
anime comedy,Rogelio44406151,RT WaifuAnimeMan Yui Anime My Teen Romantic Comedy SNAFU,en,2022-04-23,,[],neutral,0.0,273.0,0.0
anime comedy,Troox325,RT WaifuAnimeMan Yui Anime My Teen Romantic Comedy SNAFU,en,2022-04-23,,[],neutral,0.0,273.0,0.0
anime comedy,ApeironMage,RT WaifuAnimeMan Yui Anime My Teen Romantic Comedy SNAFU,en,2022-04-23,,[],neutral,0.0,273.0,0.0
anime comedy,i8nyJvKq97Wxzlg,RT WaifuAnimeMan Yui Anime My Teen Romantic Comedy SNAFU,en,2022-04-23,,[],neutral,0.0,273.0,0.0
anime comedy,zbXycGNPRZPxqXT,RT WaifuAnimeMan Yui Anime My Teen Romantic Comedy SNAFU,en,2022-04-23,,[],neutral,0.0,273.0,0.0
anime comedy,EnginoJuushichi,once in a while i think about how the first thing people see on my page is an anime girl avatarbut this particular aki pfp is godlike plus i made this one so its extra godlikethinking about non weebadjacent people meeting me and then seeing my twitter is peak comedy tho,en,2022-04-23,"Columbus, Ohio (He/Him)",[],positive,13.0,0.0,0.1388888888888888
anime comedy,watashikalizard,RT WaifuAnimeMan Yui Anime My Teen Romantic Comedy SNAFU,en,2022-04-23,your mom's house,[],neutral,0.0,273.0,0.0
anime comedy,terramorpher,RT WaifuAnimeMan Yui Anime My Teen Romantic Comedy SNAFU,en,2022-04-23,"–ü–µ—Ä–º—Å–∫–∏–π –∫—Ä–∞–π, –†–æ—Å—Å–∏—è",[],neutral,0.0,273.0,0.0
anime comedy,yamato_guru,Recently completed work on season 1 of the unofficial English dub of the comedy anime series SENYU Im so impressed by our cast I cant say enough good things about what theyve done here,en,2022-04-23,"Texas, USA",[],positive,0.0,0.0,0.3399999999999999
anime comedy,EagisCorp,RT WaifuAnimeMan Yui Anime My Teen Romantic Comedy SNAFU,en,2022-04-23,World,[],neutral,0.0,273.0,0.0
anime comedy,Andrey39773858,RT WaifuAnimeMan Yui Anime My Teen Romantic Comedy SNAFU,en,2022-04-23,,[],neutral,0.0,273.0,0.0
anime comedy,hUNDERSCORE_,RT WaifuAnimeMan Yui Anime My Teen Romantic Comedy SNAFU,en,2022-04-23,SoCal (626 area),[],neutral,0.0,273.0,0.0
anime comedy,IHateFallGuys,they are right thothere is a lot of unnecessary horny and anime comedy shit which just made the experience worse for me,en,2022-04-23,,[],negative,15.0,2.0,-0.1785714285714286
anime comedy,Le_Monarque_,RT WaifuAnimeMan Yui Anime My Teen Romantic Comedy SNAFU,en,2022-04-23,,[],neutral,0.0,273.0,0.0
anime comedy,RedditMemes18,Well done Disney rmemesmeme memes funny dankmemes memesdaily funnymemes lol follow humor like dank love dankmeme instagram tiktok comedy memepage lmao fun ol anime dailymemes edgymemes offensivememes memestagram bhfyp funnymeme instagood mem,en,2022-04-23,,"['meme', 'memes', 'funny', 'dankmemes', 'memesdaily', 'funnymemes', 'lol', 'follow', 'humor', 'like', 'dank', 'love', 'dankmeme', 'instagram', 'tiktok', 'comedy', 'memepage', 'lmao', 'fun', 'ol', 'anime', 'dailymemes', 'edgymemes', 'offensivememes', 'memestagram', 'bhfyp', 'funnymeme', 'instagood', 'mem']",positive,0.0,2.0,0.4899999999999999
anime comedy,AdeusAtlantida,RT WaifuAnimeMan Yui Anime My Teen Romantic Comedy SNAFU,en,2022-04-23,"Rio de Janeiro, Brasil",[],neutral,0.0,273.0,0.0
anime comedy,sexywaifus3130,RT WaifuAnimeMan Yui Anime My Teen Romantic Comedy SNAFU,en,2022-04-23,,[],neutral,0.0,273.0,0.0
anime comedy,YEss9806412,RT WaifuAnimeMan Yui Anime My Teen Romantic Comedy SNAFU,en,2022-04-23,,[],neutral,0.0,273.0,0.0
anime comedy,GarlandYu,RT WaifuAnimeMan Yui Anime My Teen Romantic Comedy SNAFU,en,2022-04-23,"San Francisco, CA",[],neutral,0.0,273.0,0.0
anime comedy,KaBeLiTO_,RT WaifuAnimeMan Yui Anime My Teen Romantic Comedy SNAFU,en,2022-04-23,,[],neutral,0.0,273.0,0.0
anime comedy,RedditMemes18,quacamole rshitpostingmeme memes funny dankmemes memesdaily funnymemes lol follow humor like dank love dankmeme instagram tiktok comedy memepage lmao fun ol anime dailymemes edgymemes offensivememes memestagram bhfyp funnymeme instagood meme,en,2022-04-23,,"['meme', 'memes', 'funny', 'dankmemes', 'memesdaily', 'funnymemes', 'lol', 'follow', 'humor', 'like', 'dank', 'love', 'dankmeme', 'instagram', 'tiktok', 'comedy', 'memepage', 'lmao', 'fun', 'ol', 'anime', 'dailymemes', 'edgymemes', 'offensivememes', 'memestagram', 'bhfyp', 'funnymeme', 'instagood', 'meme']",positive,0.0,0.0,0.4899999999999999
anime comedy,gerarmat27,RT WaifuAnimeMan Yui Anime My Teen Romantic Comedy SNAFU,en,2022-04-23,,[],neutral,0.0,273.0,0.0
anime comedy,RedditMemes18,Interesting title noises rshitpostingmeme memes funny dankmemes memesdaily funnymemes lol follow humor like dank love dankmeme instagram tiktok comedy memepage lmao fun ol anime dailymemes edgymemes offensivememes memestagram bhfyp funnymeme,en,2022-04-23,,"['meme', 'memes', 'funny', 'dankmemes', 'memesdaily', 'funnymemes', 'lol', 'follow', 'humor', 'like', 'dank', 'love', 'dankmeme', 'instagram', 'tiktok', 'comedy', 'memepage', 'lmao', 'fun', 'ol', 'anime', 'dailymemes', 'edgymemes', 'offensivememes', 'memestagram', 'bhfyp', 'funnymeme']",positive,0.0,0.0,0.4916666666666666
anime comedy,RedditMemes18,sadge rshitpostingmeme memes funny dankmemes memesdaily funnymemes lol follow humor like dank love dankmeme instagram tiktok comedy memepage lmao fun ol anime dailymemes edgymemes offensivememes memestagram bhfyp funnymeme instagood memer bhfyp,en,2022-04-23,,"['meme', 'memes', 'funny', 'dankmemes', 'memesdaily', 'funnymemes', 'lol', 'follow', 'humor', 'like', 'dank', 'love', 'dankmeme', 'instagram', 'tiktok', 'comedy', 'memepage', 'lmao', 'fun', 'ol', 'anime', 'dailymemes', 'edgymemes', 'offensivememes', 'memestagram', 'bhfyp', 'funnymeme', 'instagood', 'memer', 'bhfyp']",positive,0.0,0.0,0.4899999999999999
anime comedy,RedditMemes18,Fresh faced rshitpostingmeme memes funny dankmemes memesdaily funnymemes lol follow humor like dank love dankmeme instagram tiktok comedy memepage lmao fun ol anime dailymemes edgymemes offensivememes memestagram bhfyp funnymeme instagood,en,2022-04-23,,"['meme', 'memes', 'funny', 'dankmemes', 'memesdaily', 'funnymemes', 'lol', 'follow', 'humor', 'like', 'dank', 'love', 'dankmeme', 'instagram', 'tiktok', 'comedy', 'memepage', 'lmao', 'fun', 'ol', 'anime', 'dailymemes', 'edgymemes', 'offensivememes', 'memestagram', 'bhfyp', 'funnymeme', 'instagood']",positive,0.0,0.0,0.4583333333333333
anime comedy,RedditMemes18,Keep on shoveling rmemesmeme memes funny dankmemes memesdaily funnymemes lol follow humor like dank love dankmeme instagram tiktok comedy memepage lmao fun ol anime dailymemes edgymemes offensivememes memestagram bhfyp funnymeme instagood m,en,2022-04-23,,"['meme', 'memes', 'funny', 'dankmemes', 'memesdaily', 'funnymemes', 'lol', 'follow', 'humor', 'like', 'dank', 'love', 'dankmeme', 'instagram', 'tiktok', 'comedy', 'memepage', 'lmao', 'fun', 'ol', 'anime', 'dailymemes', 'edgymemes', 'offensivememes', 'memestagram', 'bhfyp', 'funnymeme', 'instagood', 'm']",positive,0.0,0.0,0.4899999999999999
anime comedy,WnDBpZa6hdUo1vb,RT WaifuAnimeMan Yui Anime My Teen Romantic Comedy SNAFU,en,2022-04-23,,[],neutral,0.0,273.0,0.0
anime comedy,ib_vwho,RT WaifuAnimeMan Yui Anime My Teen Romantic Comedy SNAFU,en,2022-04-23,,[],neutral,0.0,273.0,0.0
anime comedy,RedditMemes18,Im so happy for them rshitpostingmeme memes funny dankmemes memesdaily funnymemes lol follow humor like dank love dankmeme instagram tiktok comedy memepage lmao fun ol anime dailymemes edgymemes offensivememes memestagram bhfyp funnymeme ins,en,2022-04-23,,"['meme', 'memes', 'funny', 'dankmemes', 'memesdaily', 'funnymemes', 'lol', 'follow', 'humor', 'like', 'dank', 'love', 'dankmeme', 'instagram', 'tiktok', 'comedy', 'memepage', 'lmao', 'fun', 'ol', 'anime', 'dailymemes', 'edgymemes', 'offensivememes', 'memestagram', 'bhfyp', 'funnymeme', 'ins']",positive,0.0,0.0,0.5416666666666666
anime comedy,julioce3150,RT WaifuAnimeMan Yui Anime My Teen Romantic Comedy SNAFU,en,2022-04-23,...,[],neutral,0.0,273.0,0.0
anime comedy,StudiNAE,RT WaifuAnimeMan Yui Anime My Teen Romantic Comedy SNAFU,en,2022-04-23,StudiRegion,[],neutral,0.0,180.0,0.0
anime comedy,i8nyJvKq97Wxzlg,RT WaifuAnimeMan Yui Anime My Teen Romantic Comedy SNAFU,en,2022-04-23,,[],neutral,0.0,257.0,0.0
anime comedy,Ruina_0502,RT WaifuAnimeMan Yui Anime My Teen Romantic Comedy SNAFU,en,2022-04-23,Ëá™Áî±„Å´Áîü„Åç„Çà„ÅÜ,[],neutral,0.0,180.0,0.0
anime comedy,ApeironMage,RT WaifuAnimeMan Yui Anime My Teen Romantic Comedy SNAFU,en,2022-04-23,,[],neutral,0.0,257.0,0.0
anime comedy,CallMeElie,I thought Kotaro Lives Alone was a wholesome comedy anime but Ive been crying every episode,en,2022-04-23,de_dust2 / Tamriel,[],negative,0.0,0.0,-0.2
anime comedy,mags_duranb,Spy x Family anime is airing now I stil havent watched it for lack of time and also short attention span But I hope to do it this weekend A fun manga with amazing art the action sequences are my favorite and Endo sensei can do drama and comedy effortlessly a must read,en,2022-04-23,Mexico,[],positive,2.0,0.0,0.325
anime comedy,Kitakubu1010,RT WaifuAnimeMan Yui Anime My Teen Romantic Comedy SNAFU,en,2022-04-23,„Ç™„É©„É™„Ç™,[],neutral,0.0,180.0,0.0
anime comedy,Gabe_Green_Lant,RT WaifuAnimeMan Yui Anime My Teen Romantic Comedy SNAFU,en,2022-04-23,Algun Lugar de Oa,[],neutral,0.0,180.0,0.0
anime comedy,julioce3150,RT WaifuAnimeMan Yui Anime My Teen Romantic Comedy SNAFU,en,2022-04-23,...,[],neutral,0.0,257.0,0.0
anime comedy,Animasktv,Watch Call of the Night Nazuna Nanakusa ver Official Trailer 1Enjoy Here To Help us Subscribe Like and Share the VideoAnime Comedy Romantic,en,2022-04-23,Phoenix (Arizona),"['Anime', 'Comedy', 'Romantic']",positive,1.0,0.0,0.2
anime comedy,CODEGEASS_LL,RT WaifuAnimeMan Yui Anime My Teen Romantic Comedy SNAFU,en,2022-04-23,ÊÑõÁü•,[],neutral,0.0,257.0,0.0
anime comedy,__Kiyan,RT WaifuAnimeMan Yui Anime My Teen Romantic Comedy SNAFU,en,2022-04-23,Anor Londo,[],neutral,0.0,180.0,0.0
anime comedy,Zakybinia,olivertokar AnimeHype no bruh I just like comedy and the guy who has never raised a kid suddenly having to raise a kid trope you are looking too deep into it also shounen in anime is fucking boring,en,2022-04-23,,[],negative,0.0,0.0,-0.3333333333333333
anime comedy,Nates1245,RT WaifuAnimeMan Yui Anime My Teen Romantic Comedy SNAFU,en,2022-04-23,42 year fine wine,[],neutral,0.0,188.0,0.0
anime comedy,Leonard38262938,RT WaifuAnimeMan Yui Anime My Teen Romantic Comedy SNAFU,en,2022-04-23,,[],neutral,0.0,188.0,0.0
anime comedy,StudiNAE,RT WaifuAnimeMan Yui Anime My Teen Romantic Comedy SNAFU,en,2022-04-23,StudiRegion,[],neutral,0.0,188.0,0.0
anime comedy,mutantcore,RT WaifuAnimeMan Yui Anime My Teen Romantic Comedy SNAFU,en,2022-04-23,"Mexico City, Mexico",[],neutral,0.0,188.0,0.0
anime comedy,ApCmini,RT WaifuAnimeMan Yui Anime My Teen Romantic Comedy SNAFU,en,2022-04-23,,[],neutral,0.0,180.0,0.0
anime comedy,hUNDERSCORE_,RT WaifuAnimeMan Yui Anime My Teen Romantic Comedy SNAFU,en,2022-04-23,SoCal (626 area),[],neutral,0.0,257.0,0.0
anime comedy,EagisCorp,RT WaifuAnimeMan Yui Anime My Teen Romantic Comedy SNAFU,en,2022-04-23,World,[],neutral,0.0,257.0,0.0
anime comedy,LOKESHMANNA71,RT WaifuAnimeMan Yui Anime My Teen Romantic Comedy SNAFU,en,2022-04-23,,[],neutral,0.0,180.0,0.0
anime comedy,Eryu_04_,RT WaifuAnimeMan Yui Anime My Teen Romantic Comedy SNAFU,en,2022-04-23,,[],neutral,0.0,187.0,0.0
anime comedy,Troox325,RT WaifuAnimeMan Yui Anime My Teen Romantic Comedy SNAFU,en,2022-04-23,,[],neutral,0.0,257.0,0.0
anime comedy,watashikalizard,RT WaifuAnimeMan Yui Anime My Teen Romantic Comedy SNAFU,en,2022-04-23,your mom's house,[],neutral,0.0,257.0,0.0
anime comedy,Manuel75312,RT WaifuAnimeMan Yui Anime My Teen Romantic Comedy SNAFU,en,2022-04-23,"Le√≥n, Guanajuato",[],neutral,0.0,257.0,0.0
anime comedy,DrDarkIL,RT WaifuAnimeMan Yui Anime My Teen Romantic Comedy SNAFU,en,2022-04-23,◊ô◊©◊®◊ê◊ú,[],neutral,0.0,257.0,0.0
anime comedy,desnatadx,RT WaifuAnimeMan Yui Anime My Teen Romantic Comedy SNAFU,en,2022-04-23,Brasil,[],neutral,0.0,180.0,0.0
anime comedy,Le_Monarque_,RT WaifuAnimeMan Yui Anime My Teen Romantic Comedy SNAFU,en,2022-04-23,,[],neutral,0.0,257.0,0.0
anime comedy,Rogelio44406151,RT WaifuAnimeMan Yui Anime My Teen Romantic Comedy SNAFU,en,2022-04-23,,[],neutral,0.0,257.0,0.0
anime comedy,An0nesan,Comedy slice of life manga Cool Doji Danshi Play It Cool Guys gets TV anime scheduled to premiere in Fall 2022 NEWS anime manga,en,2022-04-23,,"['„ÇØ„Éº„É´„Éâ„Ç∏Áî∑Â≠ê', 'NEWS', 'anime', 'manga']",positive,0.0,0.0,0.35
anime comedy,eckgramajo,RT WaifuAnimeMan Yui Anime My Teen Romantic Comedy SNAFU,en,2022-04-23,Guatemala,[],neutral,0.0,273.0,0.0
anime comedy,__NATIVEE__,RT WaifuAnimeMan Yui Anime My Teen Romantic Comedy SNAFU,en,2022-04-23,twitch/youtube,[],neutral,0.0,273.0,0.0
anime comedy,RaylosX,RT WaifuAnimeMan Yui Anime My Teen Romantic Comedy SNAFU,en,2022-04-23,Mexico,[],neutral,0.0,273.0,0.0
anime comedy,cloud10121979,RT WaifuAnimeMan Yui Anime My Teen Romantic Comedy SNAFU,en,2022-04-23,,[],neutral,0.0,273.0,0.0
anime comedy,WQSivPHU0WqBvbF,RT WaifuAnimeMan Yui Anime My Teen Romantic Comedy SNAFU,en,2022-04-23,,[],neutral,0.0,273.0,0.0
anime comedy,Skarz11,RT WaifuAnimeMan Yui Anime My Teen Romantic Comedy SNAFU,en,2022-04-23,,[],neutral,0.0,273.0,0.0
anime comedy,JoaquinTreppo,RT WaifuAnimeMan Yui Anime My Teen Romantic Comedy SNAFU,en,2022-04-23,,[],neutral,0.0,273.0,0.0
anime comedy,dcb2art,RT WaifuAnimeMan Yui Anime My Teen Romantic Comedy SNAFU,en,2022-04-23,,[],neutral,0.0,273.0,0.0
anime comedy,_0p__q0__,RT WaifuAnimeMan Yui Anime My Teen Romantic Comedy SNAFU,en,2022-04-23,,[],neutral,0.0,273.0,0.0
anime comedy,DanielL67890,RT WaifuAnimeMan Yui Anime My Teen Romantic Comedy SNAFU,en,2022-04-23,,[],neutral,0.0,188.0,0.0
anime comedy,museacg_my,Daily Anime UpdateThe Familiar of Zero Knight of the Twin MoonsBroadcast date 24042022Broadcast time 900PM GMT8Genres Action Adventure Comedy Fantasy Romance Ecchi ZeroNoTsukaima TheFamiliarOfZero musemalaysia,en,2022-04-23,Kuala Lumpur,"['„Çº„É≠„ÅÆ‰Ωø„ÅÑÈ≠î', 'ZeroNoTsukaima', 'Èõ∂‰πã‰ΩøÈ≠î', 'TheFamiliarOfZero', 'musemalaysia']",positive,1.0,0.0,0.1583333333333333
anime comedy,OtakuMystic25,RT WaifuAnimeMan Yui Anime My Teen Romantic Comedy SNAFU,en,2022-04-23,"San Diego, CA",[],neutral,0.0,273.0,0.0
anime comedy,Coffin_002,TransChrollo Osomatsusanits a comedy anime,en,2022-04-23,Coffin#5587,[],neutral,1.0,0.0,0.0
anime comedy,Juanma61422826,RT WaifuAnimeMan Yui Anime My Teen Romantic Comedy SNAFU,en,2022-04-23,,[],neutral,0.0,257.0,0.0
anime comedy,AlDawoo14,RT WaifuAnimeMan Yui Anime My Teen Romantic Comedy SNAFU,en,2022-04-23,,[],neutral,0.0,180.0,0.0
anime comedy,BenBroo96756107,RT WaifuAnimeMan Yui Anime My Teen Romantic Comedy SNAFU,en,2022-04-23,"New Egypt, NJ",[],neutral,0.0,180.0,0.0
anime comedy,whoiamecchi,RT WaifuAnimeMan Yui Anime My Teen Romantic Comedy SNAFU,en,2022-04-23,,[],neutral,0.0,180.0,0.0
anime comedy,terramorpher,RT WaifuAnimeMan Yui Anime My Teen Romantic Comedy SNAFU,en,2022-04-23,"–ü–µ—Ä–º—Å–∫–∏–π –∫—Ä–∞–π, –†–æ—Å—Å–∏—è",[],neutral,0.0,257.0,0.0
anime comedy,365Maldon,RT WaifuAnimeMan Yui Anime My Teen Romantic Comedy SNAFU,en,2022-04-23,"New Romney, England",[],neutral,0.0,257.0,0.0
anime comedy,LukeAnimeFan736,RT WaifuAnimeMan Yui Anime My Teen Romantic Comedy SNAFU,en,2022-04-23,United Kingdom,[],neutral,0.0,180.0,0.0
anime comedy,Animasktv,Watch My Friends Little Sister Has It In for Me Announcement TrailerEnjoy Here To Help us Subscribe Like and Share the VideoAnime Comedy Romantic,en,2022-04-23,Phoenix (Arizona),"['Anime', 'Comedy', 'Romantic']",positive,0.0,0.0,0.0552083333333333
anime comedy,GarlandYu,RT WaifuAnimeMan Yui Anime My Teen Romantic Comedy SNAFU,en,2022-04-23,"San Francisco, CA",[],neutral,0.0,257.0,0.0
anime comedy,GqOTPhq7L1OPInA,RT WaifuAnimeMan Yui Anime My Teen Romantic Comedy SNAFU,en,2022-04-23,,[],neutral,0.0,273.0,0.0
anime comedy,EPedroza2,RT WaifuAnimeMan Yui Anime My Teen Romantic Comedy SNAFU,en,2022-04-23,,[],neutral,0.0,273.0,0.0
anime comedy,arutakittitat,RT WaifuAnimeMan Yui Anime My Teen Romantic Comedy SNAFU,en,2022-04-23,,[],neutral,0.0,180.0,0.0
anime comedy,arutakittitat,RT WaifuAnimeMan Yui Anime My Teen Romantic Comedy SNAFU,en,2022-04-23,,[],neutral,0.0,181.0,0.0
anime comedy,imerynha,I just got result the comedy relief best friend on quiz what anime character stereotype are you What will you get via uquiz,en,2022-04-23,,[],positive,0.0,0.0,1.0
anime comedy,Poojan50957387,RT WaifuAnimeMan Yui Anime My Teen Romantic Comedy SNAFU,en,2022-04-23,,[],neutral,0.0,181.0,0.0
anime comedy,Kishiito,RT WaifuAnimeMan Yui Anime My Teen Romantic Comedy SNAFU,en,2022-04-23,Hogwarts (Alicante),[],neutral,0.0,187.0,0.0
anime comedy,dcb2art,RT WaifuAnimeMan Yui Anime My Teen Romantic Comedy SNAFU,en,2022-04-23,,[],neutral,0.0,257.0,0.0
anime comedy,enzogrcno,RT WaifuAnimeMan Yui Anime My Teen Romantic Comedy SNAFU,en,2022-04-23,,[],neutral,0.0,188.0,0.0
anime comedy,MoisimhoDest,RT WaifuAnimeMan Yui Anime My Teen Romantic Comedy SNAFU,en,2022-04-23,,[],neutral,0.0,188.0,0.0
anime comedy,AlDawoo14,RT WaifuAnimeMan Yui Anime My Teen Romantic Comedy SNAFU,en,2022-04-23,,[],neutral,0.0,187.0,0.0
anime comedy,MhxOnichichi,RT WaifuAnimeMan Yui Anime My Teen Romantic Comedy SNAFU,en,2022-04-23,Â§âÊÖãÊòüÈõ≤MHX999Â∏Ç33-4‚òÜya‚òÜra‚òÜna‚òÜi‚òÜka‚òÜ,[],neutral,0.0,187.0,0.0
anime comedy,Shariff206,RT WaifuAnimeMan Yui Anime My Teen Romantic Comedy SNAFU,en,2022-04-23,Bangalore,[],neutral,0.0,180.0,0.0
anime comedy,LOKESHMANNA71,RT WaifuAnimeMan Yui Anime My Teen Romantic Comedy SNAFU,en,2022-04-23,,[],neutral,0.0,187.0,0.0
anime comedy,cloud10121979,RT WaifuAnimeMan Yui Anime My Teen Romantic Comedy SNAFU,en,2022-04-23,,[],neutral,0.0,265.0,0.0
anime comedy,suzubelle13,I just watched diabolik lovers season 1 and i know its not a comedy anime but i laughed so hard I cringed so bad but it at the same time it was entertaining to watch the show fried my brain so bad i wish it has a season 3 Im not even done with season 2 yet,en,2022-04-23,,[],negative,1.0,0.0,-0.0819444444444444
anime comedy,_0p__q0__,RT WaifuAnimeMan Yui Anime My Teen Romantic Comedy SNAFU,en,2022-04-23,,[],neutral,0.0,265.0,0.0
anime comedy,Snypershy,2EXTREME2008 TheSliceofAnime As it says in the tweet GamersA comedy and romance Anime that young me thought was an ecchi for too long,en,2022-04-23,Your Snack Drawer,[],positive,0.0,0.0,0.025
anime comedy,sancchezy,RT WaifuAnimeMan Yui Anime My Teen Romantic Comedy SNAFU,en,2022-04-23,they/them ,[],neutral,0.0,187.0,0.0
anime comedy,LOKESHMANNA71,RT WaifuAnimeMan Yui Anime My Teen Romantic Comedy SNAFU,en,2022-04-23,,[],neutral,0.0,188.0,0.0
anime comedy,huetaoh,RT WaifuAnimeMan Yui Anime My Teen Romantic Comedy SNAFU,en,2022-04-23,,[],neutral,0.0,188.0,0.0
anime comedy,LordFN1,olivertokar AnimeHype Spy X Family is supposed to be a comedy anime meant for fun its a really good anime and I have been waiting for it ever since the manga started,en,2022-04-23,NY  |NO LIFE VALORANT| Minor ,[],positive,11.0,0.0,0.5
anime comedy,AdeusAtlantida,RT WaifuAnimeMan Yui Anime My Teen Romantic Comedy SNAFU,en,2022-04-23,"Rio de Janeiro, Brasil",[],neutral,0.0,271.0,0.0
anime comedy,seven__twt,aegyoeobta I mean i uh havent read much shoujo comics lately cause i like my pain so Ill look some up and send some your way Comedy anime is usually my way to go too lmao,en,2022-04-23,she/her,[],negative,0.0,0.0,-0.0125
anime comedy,Death10817212,RT WaifuAnimeMan Yui Anime My Teen Romantic Comedy SNAFU,en,2022-04-23,,[],neutral,0.0,180.0,0.0
anime comedy,Juanma61422826,RT WaifuAnimeMan Yui Anime My Teen Romantic Comedy SNAFU,en,2022-04-23,,[],neutral,0.0,258.0,0.0
anime comedy,MyNameIsPOW3R,RT IHateFallGuys they are right thothere is a lot of unnecessary horny and anime comedy shit which just made the experience worse for me,en,2022-04-23,,[],negative,0.0,2.0,-0.1785714285714286
anime comedy,whoiamecchi,RT WaifuAnimeMan Yui Anime My Teen Romantic Comedy SNAFU,en,2022-04-23,,[],neutral,0.0,187.0,0.0
anime comedy,ApeironMage,RT WaifuAnimeMan Yui Anime My Teen Romantic Comedy SNAFU,en,2022-04-23,,[],neutral,0.0,265.0,0.0
anime comedy,i8nyJvKq97Wxzlg,RT WaifuAnimeMan Yui Anime My Teen Romantic Comedy SNAFU,en,2022-04-23,,[],neutral,0.0,265.0,0.0
anime comedy,zbXycGNPRZPxqXT,RT WaifuAnimeMan Yui Anime My Teen Romantic Comedy SNAFU,en,2022-04-23,,[],neutral,0.0,265.0,0.0
anime comedy,EnginoJuushichi,once in a while i think about how the first thing people see on my page is an anime girl avatarbut this particular aki pfp is godlike plus i made this one so its extra godlikethinking about non weebadjacent people meeting me and then seeing my twitter is peak comedy tho,en,2022-04-23,"Columbus, Ohio (He/Him)",[],positive,11.0,0.0,0.1388888888888888
anime comedy,maho01264512,RT GetInTheMecha One of the funniest parts of Kaguyasama for me is how aware it is of the fact that its an ongoing seasonal comedy anim,en,2022-04-23,,[],positive,0.0,15.0,0.25
anime comedy,CyberArtworks_9,RT WaifuAnimeMan Yui Anime My Teen Romantic Comedy SNAFU,en,2022-04-23,Hessen,[],neutral,0.0,265.0,0.0
anime comedy,Manuel75312,RT WaifuAnimeMan Yui Anime My Teen Romantic Comedy SNAFU,en,2022-04-23,"Le√≥n, Guanajuato",[],neutral,0.0,265.0,0.0
anime comedy,CODEGEASS_LL,RT WaifuAnimeMan Yui Anime My Teen Romantic Comedy SNAFU,en,2022-04-23,ÊÑõÁü•,[],neutral,0.0,265.0,0.0
anime comedy,paveldam17,RT WaifuAnimeMan Yui Anime My Teen Romantic Comedy SNAFU,en,2022-04-23,"Monterrey, Nuevo Le√≥n",[],neutral,0.0,265.0,0.0
anime comedy,Troox325,RT WaifuAnimeMan Yui Anime My Teen Romantic Comedy SNAFU,en,2022-04-23,,[],neutral,0.0,265.0,0.0
anime comedy,watashikalizard,RT WaifuAnimeMan Yui Anime My Teen Romantic Comedy SNAFU,en,2022-04-23,your mom's house,[],neutral,0.0,265.0,0.0
anime comedy,Rogelio44406151,RT WaifuAnimeMan Yui Anime My Teen Romantic Comedy SNAFU,en,2022-04-23,,[],neutral,0.0,265.0,0.0
anime comedy,__NATIVEE__,RT WaifuAnimeMan Yui Anime My Teen Romantic Comedy SNAFU,en,2022-04-23,twitch/youtube,[],neutral,0.0,265.0,0.0
anime comedy,kkk276491754,Judyaru ahh yess komi san i was watching it too i frgt about it tbh ahahaha yeah its relatable bt the comedy aspect doesnt make me laugh thats why it kinda gets bit boring for me bt yh its a good anime still i should finish it actually,en,2022-04-23,under mammon's bed,[],neutral,0.0,0.0,0.0
anime comedy,365Maldon,RT WaifuAnimeMan Yui Anime My Teen Romantic Comedy SNAFU,en,2022-04-23,"New Romney, England",[],neutral,0.0,265.0,0.0
anime comedy,RaylosX,RT WaifuAnimeMan Yui Anime My Teen Romantic Comedy SNAFU,en,2022-04-23,Mexico,[],neutral,0.0,265.0,0.0
anime comedy,dragonet111,Thought it would be a silly comedy Defo not a comedy,en,2022-04-23,"France, Haute-savoie",[],negative,0.0,0.0,-0.5
anime comedy,Le_Monarque_,RT WaifuAnimeMan Yui Anime My Teen Romantic Comedy SNAFU,en,2022-04-23,,[],neutral,0.0,265.0,0.0
anime comedy,__Koku___,RT WaifuAnimeMan Yui Anime My Teen Romantic Comedy SNAFU,en,2022-04-23,Finland,[],neutral,0.0,188.0,0.0
anime comedy,AdeusAtlantida,RT WaifuAnimeMan Yui Anime My Teen Romantic Comedy SNAFU,en,2022-04-23,"Rio de Janeiro, Brasil",[],neutral,0.0,265.0,0.0
anime comedy,DanielL67890,RT WaifuAnimeMan Yui Anime My Teen Romantic Comedy SNAFU,en,2022-04-23,,[],neutral,0.0,181.0,0.0
anime comedy,M0d3rn0,RT WaifuAnimeMan Yui Anime My Teen Romantic Comedy SNAFU,en,2022-04-23,,[],neutral,0.0,188.0,0.0
anime comedy,xxxanimexxx20,RT WaifuAnimeMan Yui Anime My Teen Romantic Comedy SNAFU,en,2022-04-23,GALAXY,[],neutral,0.0,188.0,0.0
anime comedy,Ruina_0502,RT WaifuAnimeMan Yui Anime My Teen Romantic Comedy SNAFU,en,2022-04-23,Ëá™Áî±„Å´Áîü„Åç„Çà„ÅÜ,[],neutral,0.0,187.0,0.0
anime comedy,furiouspandas1,This anime is such a great blend of satire comedy and still is also really sweet too Ive really enjoyed it so far definitely one of my favorites so far this spring anime season koiseka koisekaanimeKoiwaSekaiSeifukunoAtode LoveAfterWorldDomination,en,2022-04-23,United States,"['ÊÅã„Åõ„Åã', 'koiseka', 'koiseka_anime', 'KoiwaSekaiSeifukunoAtode', 'LoveAfterWorldDomination']",positive,5.0,0.0,0.2678571428571428
anime comedy,TYLERSMATRIXHUB,RT WaifuAnimeMan Yui Anime My Teen Romantic Comedy SNAFU,en,2022-04-23,,[],neutral,0.0,188.0,0.0
anime comedy,SoulSoaring22,RT WaifuAnimeMan Yui Anime My Teen Romantic Comedy SNAFU,en,2022-04-23,"San Antonio, TX",[],neutral,0.0,187.0,0.0
anime comedy,LukeAnimeFan736,RT WaifuAnimeMan Yui Anime My Teen Romantic Comedy SNAFU,en,2022-04-23,United Kingdom,[],neutral,0.0,187.0,0.0
anime comedy,ChezzyNeo,olivertokar AnimeHype I dont know dude I get what you are saying but can you tell me other anime that made for full family Its getting famous bcoz their is not a single sexual jokes and there is almost everything for every taste Action comedy wholesome father daughter beautiful relationship,en,2022-04-23,,[],positive,9.0,0.0,0.3158163265306122
anime comedy,1059nekotora,RT WaifuAnimeMan Yui Anime My Teen Romantic Comedy SNAFU,en,2022-04-23,,[],neutral,0.0,188.0,0.0
anime comedy,SoulSoaring22,RT WaifuAnimeMan Yui Anime My Teen Romantic Comedy SNAFU,en,2022-04-23,"San Antonio, TX",[],neutral,0.0,188.0,0.0
anime comedy,BenBroo96756107,RT WaifuAnimeMan Yui Anime My Teen Romantic Comedy SNAFU,en,2022-04-23,"New Egypt, NJ",[],neutral,0.0,187.0,0.0
anime comedy,TYLERSMATRIXHUB,RT WaifuAnimeMan Yui Anime My Teen Romantic Comedy SNAFU,en,2022-04-23,,[],neutral,0.0,187.0,0.0
anime comedy,sexywaifus3130,RT WaifuAnimeMan Yui Anime My Teen Romantic Comedy SNAFU,en,2022-04-23,,[],neutral,0.0,271.0,0.0
anime comedy,hUNDERSCORE_,RT WaifuAnimeMan Yui Anime My Teen Romantic Comedy SNAFU,en,2022-04-23,SoCal (626 area),[],neutral,0.0,265.0,0.0
anime comedy,YogaPra94718643,RT WaifuAnimeMan Yui Anime My Teen Romantic Comedy SNAFU,en,2022-04-23,,[],neutral,0.0,265.0,0.0
anime comedy,RedditMemes18,I love China rshitpostingmeme memes funny dankmemes memesdaily funnymemes lol follow humor like dank love dankmeme instagram tiktok comedy memepage lmao fun ol anime dailymemes edgymemes offensivememes memestagram bhfyp funnymeme instagood m,en,2022-04-23,,"['meme', 'memes', 'funny', 'dankmemes', 'memesdaily', 'funnymemes', 'lol', 'follow', 'humor', 'like', 'dank', 'love', 'dankmeme', 'instagram', 'tiktok', 'comedy', 'memepage', 'lmao', 'fun', 'ol', 'anime', 'dailymemes', 'edgymemes', 'offensivememes', 'memestagram', 'bhfyp', 'funnymeme', 'instagood', 'm']",positive,0.0,0.0,0.4916666666666666
anime comedy,WnDBpZa6hdUo1vb,RT WaifuAnimeMan Yui Anime My Teen Romantic Comedy SNAFU,en,2022-04-23,,[],neutral,0.0,265.0,0.0
anime comedy,ib_vwho,RT WaifuAnimeMan Yui Anime My Teen Romantic Comedy SNAFU,en,2022-04-23,,[],neutral,0.0,265.0,0.0
anime comedy,trendincultures,RT RedditMemes18 Keep on shoveling rmemesmeme memes funny dankmemes memesdaily funnymemes lol follow humor like dank lo,en,2022-04-23,Worldwide,"['meme', 'memes', 'funny', 'dankmemes', 'memesdaily', 'funnymemes', 'lol', 'follow', 'humor', 'like', 'dank', 'lo']",positive,0.0,1.0,0.525
anime comedy,GarlandYu,RT WaifuAnimeMan Yui Anime My Teen Romantic Comedy SNAFU,en,2022-04-23,"San Francisco, CA",[],neutral,0.0,265.0,0.0
anime comedy,YEss9806412,RT WaifuAnimeMan Yui Anime My Teen Romantic Comedy SNAFU,en,2022-04-23,,[],neutral,0.0,265.0,0.0
anime comedy,sexywaifus3130,RT WaifuAnimeMan Yui Anime My Teen Romantic Comedy SNAFU,en,2022-04-23,,[],neutral,0.0,265.0,0.0
anime comedy,KaBeLiTO_,RT WaifuAnimeMan Yui Anime My Teen Romantic Comedy SNAFU,en,2022-04-23,,[],neutral,0.0,265.0,0.0
anime comedy,Nates1245,RT WaifuAnimeMan Yui Anime My Teen Romantic Comedy SNAFU,en,2022-04-23,42 year fine wine,[],neutral,0.0,187.0,0.0
anime comedy,Skarz11,RT WaifuAnimeMan Yui Anime My Teen Romantic Comedy SNAFU,en,2022-04-23,,[],neutral,0.0,265.0,0.0
anime comedy,dcb2art,RT WaifuAnimeMan Yui Anime My Teen Romantic Comedy SNAFU,en,2022-04-23,,[],neutral,0.0,265.0,0.0
anime comedy,julioce3150,RT WaifuAnimeMan Yui Anime My Teen Romantic Comedy SNAFU,en,2022-04-23,...,[],neutral,0.0,265.0,0.0
anime comedy,1059nekotora,RT WaifuAnimeMan Yui Anime My Teen Romantic Comedy SNAFU,en,2022-04-23,,[],neutral,0.0,180.0,0.0
anime comedy,Gwyntaglaw,where I am right now on movie genresdrama too intensecomedy too trivialhorror are you kiddingscifi not unless its incredibly goodanime too headache inducing,en,2022-04-23,Liberty Hall,[],positive,0.0,0.0,0.3952380952380952
anime comedy,DrDarkIL,RT WaifuAnimeMan Yui Anime My Teen Romantic Comedy SNAFU,en,2022-04-23,◊ô◊©◊®◊ê◊ú,[],neutral,0.0,265.0,0.0
anime comedy,gerarmat27,RT WaifuAnimeMan Yui Anime My Teen Romantic Comedy SNAFU,en,2022-04-23,,[],neutral,0.0,265.0,0.0
anime comedy,Andrey39773858,RT WaifuAnimeMan Yui Anime My Teen Romantic Comedy SNAFU,en,2022-04-23,,[],neutral,0.0,265.0,0.0
anime comedy,EagisCorp,RT WaifuAnimeMan Yui Anime My Teen Romantic Comedy SNAFU,en,2022-04-23,World,[],neutral,0.0,265.0,0.0
anime comedy,Juanma61422826,RT WaifuAnimeMan Yui Anime My Teen Romantic Comedy SNAFU,en,2022-04-23,,[],neutral,0.0,265.0,0.0
anime comedy,Nateshi_Flamel,RT WaifuAnimeMan Yui Anime My Teen Romantic Comedy SNAFU,en,2022-04-23,"Santiago, Chile",[],neutral,0.0,265.0,0.0
anime comedy,JoaquinTreppo,RT WaifuAnimeMan Yui Anime My Teen Romantic Comedy SNAFU,en,2022-04-23,,[],neutral,0.0,265.0,0.0
anime comedy,YEss9806412,RT WaifuAnimeMan Yui Anime My Teen Romantic Comedy SNAFU,en,2022-04-23,,[],neutral,0.0,271.0,0.0
anime comedy,GarlandYu,RT WaifuAnimeMan Yui Anime My Teen Romantic Comedy SNAFU,en,2022-04-23,"San Francisco, CA",[],neutral,0.0,271.0,0.0
anime comedy,trendincultures,RT RedditMemes18 Well done Disney rmemesmeme memes funny dankmemes memesdaily funnymemes lol follow humor like dank love,en,2022-04-23,Worldwide,"['meme', 'memes', 'funny', 'dankmemes', 'memesdaily', 'funnymemes', 'lol', 'follow', 'humor', 'like', 'dank', 'love']",positive,0.0,2.0,0.525
anime comedy,xuxurla,RT reioftheikeda I love how this anime implements the strategies of the protagonists historical figure Zhuge Liang into the methods ut,en,2022-04-23,idk,[],positive,0.0,15.0,0.25
anime comedy,Rogelio44406151,RT WaifuAnimeMan Yui Anime My Teen Romantic Comedy SNAFU,en,2022-04-23,,[],neutral,0.0,271.0,0.0
anime comedy,watashikalizard,RT WaifuAnimeMan Yui Anime My Teen Romantic Comedy SNAFU,en,2022-04-23,your mom's house,[],neutral,0.0,271.0,0.0
anime comedy,Troox325,RT WaifuAnimeMan Yui Anime My Teen Romantic Comedy SNAFU,en,2022-04-23,,[],neutral,0.0,271.0,0.0
anime comedy,PutharnE,Hyouka is one of my alltime favorite anime I guess Im one of the strange people who love the vanillacomedy style anime more than action or scifi,en,2022-04-23,"Nakhon Si Thammarat, Thailand",[],positive,0.0,0.0,0.31
anime comedy,ApeironMage,RT WaifuAnimeMan Yui Anime My Teen Romantic Comedy SNAFU,en,2022-04-23,,[],neutral,0.0,271.0,0.0
anime comedy,i8nyJvKq97Wxzlg,RT WaifuAnimeMan Yui Anime My Teen Romantic Comedy SNAFU,en,2022-04-23,,[],neutral,0.0,271.0,0.0
anime comedy,zbXycGNPRZPxqXT,RT WaifuAnimeMan Yui Anime My Teen Romantic Comedy SNAFU,en,2022-04-23,,[],neutral,0.0,271.0,0.0
anime comedy,CyberArtworks_9,RT WaifuAnimeMan Yui Anime My Teen Romantic Comedy SNAFU,en,2022-04-23,Hessen,[],neutral,0.0,271.0,0.0
anime comedy,Utopianihilist,worst comedy anime imo,en,2022-04-23,Shore of Nascency | ‚ôÇÔ∏è,[],negative,1.0,0.0,-0.375
anime comedy,Manuel75312,RT WaifuAnimeMan Yui Anime My Teen Romantic Comedy SNAFU,en,2022-04-23,"Le√≥n, Guanajuato",[],neutral,0.0,271.0,0.0
anime comedy,Animasktv,Watch Shaman King Sequel Flowers Official TrailerEnjoy it Here To Help us Subscribe Like and Share the VideoAnime Comedy Action Adventure,en,2022-04-23,Phoenix (Arizona),"['Anime', 'Comedy', 'Action', 'Adventure']",positive,0.0,0.0,0.25
anime comedy,365Maldon,RT WaifuAnimeMan Yui Anime My Teen Romantic Comedy SNAFU,en,2022-04-23,"New Romney, England",[],neutral,0.0,271.0,0.0
anime comedy,Afrsada1,RT myanimelist News Oniichan wa Oshimai Onimai Im Now Your Sister comedy slice of life manga gets TV anime Shingo Fujii Mushoku,en,2022-04-23,Surabaya,[],neutral,0.0,43.0,0.0
anime comedy,CODEGEASS_LL,RT WaifuAnimeMan Yui Anime My Teen Romantic Comedy SNAFU,en,2022-04-23,ÊÑõÁü•,[],neutral,0.0,271.0,0.0
anime comedy,RedditMemes18,Oh God thats depp rmemes meme memes funny dankmemes memesdaily funnymemes lol follow humor like dank love dankmeme instagram tiktok comedy memepage lmao fun ol anime dailymemes edgymemes offensivememes memestagram bhfyp funnymeme instagood,en,2022-04-23,,"['meme', 'memes', 'funny', 'dankmemes', 'memesdaily', 'funnymemes', 'lol', 'follow', 'humor', 'like', 'dank', 'love', 'dankmeme', 'instagram', 'tiktok', 'comedy', 'memepage', 'lmao', 'fun', 'ol', 'anime', 'dailymemes', 'edgymemes', 'offensivememes', 'memestagram', 'bhfyp', 'funnymeme', 'instagood']",positive,0.0,1.0,0.4899999999999999
anime comedy,_mxid,RT WaifuAnimeGuy Yui Anime My Teen Romantic Comedy SNAFU,en,2022-04-23,,[],neutral,0.0,405.0,0.0
anime comedy,HanzaJ103,RT TheHowardWang Let me and Alejandro do more comedy anime together,en,2022-04-23,,[],positive,0.0,6.0,0.5
anime comedy,CHazfromtwitch,pripetta VTuberTweeter Hello My name is Chaz I am an orange Vtuber of chaos from the Philippines I love playing FPS games and watching romantic comedy anime,en,2022-04-23,In my hideout,[],positive,1.0,0.0,0.25
anime comedy,paveldam17,RT WaifuAnimeMan Yui Anime My Teen Romantic Comedy SNAFU,en,2022-04-23,"Monterrey, Nuevo Le√≥n",[],neutral,0.0,271.0,0.0
anime comedy,trendincultures,RT RedditMemes18 It was nice knowing you rmemes meme memes funny dankmemes memesdaily funnymemes lol follow humor like da,en,2022-04-23,Worldwide,"['meme', 'memes', 'funny', 'dankmemes', 'memesdaily', 'funnymemes', 'lol', 'follow', 'humor', 'like', 'da']",positive,0.0,1.0,0.5499999999999999
anime comedy,trendincultures,RT RedditMemes18 Oh God thats depp rmemes meme memes funny dankmemes memesdaily funnymemes lol follow humor like dank l,en,2022-04-23,Worldwide,"['meme', 'memes', 'funny', 'dankmemes', 'memesdaily', 'funnymemes', 'lol', 'follow', 'humor', 'like', 'dank', 'l']",positive,0.0,1.0,0.525
anime comedy,trendincultures,RT RedditMemes18 squirrel rshitpostingmeme memes funny dankmemes memesdaily funnymemes lol follow humor like dank love,en,2022-04-23,Worldwide,"['meme', 'memes', 'funny', 'dankmemes', 'memesdaily', 'funnymemes', 'lol', 'follow', 'humor', 'like', 'dank', 'love']",positive,0.0,1.0,0.5166666666666667
anime comedy,tokiginchan,RT reioftheikeda I love how this anime implements the strategies of the protagonists historical figure Zhuge Liang into the methods ut,en,2022-04-23,edo Œ® | any prnns | ia,[],positive,0.0,15.0,0.25
anime comedy,M0d3rn0,RT WaifuAnimeMan Yui Anime My Teen Romantic Comedy SNAFU,en,2022-04-23,,[],neutral,0.0,180.0,0.0
anime comedy,LxstenHereYou,Honestly dub anime is good if its comedy anime,en,2022-04-23,"Florida, USA",[],positive,0.0,0.0,0.6499999999999999
anime comedy,TYLERSMATRIXHUB,RT WaifuAnimeMan Yui Anime My Teen Romantic Comedy SNAFU,en,2022-04-23,,[],neutral,0.0,180.0,0.0
anime comedy,RedditMemes18,Well done Disney rmemesmeme memes funny dankmemes memesdaily funnymemes lol follow humor like dank love dankmeme instagram tiktok comedy memepage lmao fun ol anime dailymemes edgymemes offensivememes memestagram bhfyp funnymeme instagood mem,en,2022-04-23,,"['meme', 'memes', 'funny', 'dankmemes', 'memesdaily', 'funnymemes', 'lol', 'follow', 'humor', 'like', 'dank', 'love', 'dankmeme', 'instagram', 'tiktok', 'comedy', 'memepage', 'lmao', 'fun', 'ol', 'anime', 'dailymemes', 'edgymemes', 'offensivememes', 'memestagram', 'bhfyp', 'funnymeme', 'instagood', 'mem']",positive,0.0,0.0,0.4899999999999999
anime comedy,Matchaco27,RT WaifuAnimeMan Yui Anime My Teen Romantic Comedy SNAFU,en,2022-04-23,,[],neutral,0.0,187.0,0.0
anime comedy,vioman1,RT WaifuAnimeMan Yui Anime My Teen Romantic Comedy SNAFU,en,2022-04-23,Brasil,[],neutral,0.0,180.0,0.0
anime comedy,RedditMemes18,Keep on shoveling rmemes meme memes funny dankmemes memesdaily funnymemes lol follow humor like dank love dankmeme instagram tiktok comedy memepage lmao fun ol anime dailymemes edgymemes offensivememes memestagram bhfyp funnymeme instagood,en,2022-04-23,,"['meme', 'memes', 'funny', 'dankmemes', 'memesdaily', 'funnymemes', 'lol', 'follow', 'humor', 'like', 'dank', 'love', 'dankmeme', 'instagram', 'tiktok', 'comedy', 'memepage', 'lmao', 'fun', 'ol', 'anime', 'dailymemes', 'edgymemes', 'offensivememes', 'memestagram', 'bhfyp', 'funnymeme', 'instagood']",positive,0.0,0.0,0.4899999999999999
anime comedy,RedditMemes18,Keep on shoveling rmemesmeme memes funny dankmemes memesdaily funnymemes lol follow humor like dank love dankmeme instagram tiktok comedy memepage lmao fun ol anime dailymemes edgymemes offensivememes memestagram bhfyp funnymeme instagood m,en,2022-04-23,,"['meme', 'memes', 'funny', 'dankmemes', 'memesdaily', 'funnymemes', 'lol', 'follow', 'humor', 'like', 'dank', 'love', 'dankmeme', 'instagram', 'tiktok', 'comedy', 'memepage', 'lmao', 'fun', 'ol', 'anime', 'dailymemes', 'edgymemes', 'offensivememes', 'memestagram', 'bhfyp', 'funnymeme', 'instagood', 'm']",positive,0.0,0.0,0.4899999999999999
anime comedy,IHateFallGuys,they are right thothere is a lot of unnecessary horny and anime comedy shit which just made the experience worse for me,en,2022-04-23,,[],negative,13.0,2.0,-0.1785714285714286
anime comedy,KevinYu57858489,RT WaifuAnimeMan Yui Anime My Teen Romantic Comedy SNAFU,en,2022-04-23,,[],neutral,0.0,257.0,0.0
anime comedy,CyberArtworks_9,RT WaifuAnimeMan Yui Anime My Teen Romantic Comedy SNAFU,en,2022-04-23,Hessen,[],neutral,0.0,257.0,0.0
anime comedy,zbXycGNPRZPxqXT,RT WaifuAnimeMan Yui Anime My Teen Romantic Comedy SNAFU,en,2022-04-23,,[],neutral,0.0,257.0,0.0
anime comedy,ib_vwho,RT WaifuAnimeMan Yui Anime My Teen Romantic Comedy SNAFU,en,2022-04-23,,[],neutral,0.0,257.0,0.0
anime comedy,gerarmat27,RT WaifuAnimeMan Yui Anime My Teen Romantic Comedy SNAFU,en,2022-04-23,,[],neutral,0.0,257.0,0.0
anime comedy,barton_ojo,RT WaifuAnimeMan Yui Anime My Teen Romantic Comedy SNAFU,en,2022-04-23,Mex,[],neutral,0.0,180.0,0.0
anime comedy,Nateshi_Flamel,RT WaifuAnimeMan Yui Anime My Teen Romantic Comedy SNAFU,en,2022-04-23,"Santiago, Chile",[],neutral,0.0,257.0,0.0
anime comedy,TheHowardWang,Let me and Alejandro do more comedy anime together,en,2022-04-23,,[],positive,54.0,5.0,0.5
anime comedy,M0d3rn0,RT WaifuAnimeMan Yui Anime My Teen Romantic Comedy SNAFU,en,2022-04-23,,[],neutral,0.0,181.0,0.0
anime comedy,jujiYe0n,akaikra child in comedy attempt and many more things i see they complaining about I mean go back to your normal life leave us otaku or whatever you call us with our manga and anime logic alone cz you guys are no fun,en,2022-04-23,,[],positive,0.0,0.0,0.1145833333333333
anime comedy,WaifuAnimeMan,RT WaifuAnimeMan Yui Anime My Teen Romantic Comedy SNAFU,en,2022-04-23,,[],neutral,0.0,257.0,0.0
anime comedy,FoxShock2,RT WaifuAnimeMan Yui Anime My Teen Romantic Comedy SNAFU,en,2022-04-23,,[],neutral,0.0,257.0,0.0
anime comedy,YogaPra94718643,RT WaifuAnimeMan Yui Anime My Teen Romantic Comedy SNAFU,en,2022-04-23,,[],neutral,0.0,257.0,0.0
anime comedy,GodKumarIndia,He got a point though meme bollywood memes funny dankmemes 100daysofcode memesdaily funnymemes lol follow humor like dank love memepage dankmeme tiktok comedy lmao fun anime ol dailymemes edgymemes offensivememes funnymeme,en,2022-04-23,India,"['meme', 'bollywood', 'memes', 'funny', 'dankmemes', '100daysofcode', 'memesdaily', 'funnymemes', 'lol', 'follow', 'humor', 'like', 'dank', 'love', 'memepage', 'dankmeme', 'tiktok', 'comedy', 'lmao', 'fun', 'anime', 'ol', 'dailymemes', 'edgymemes', 'offensivememes', 'funnymeme']",positive,0.0,1.0,0.4899999999999999
anime comedy,Lokokabooster2,RT WaifuAnimeMan Yui Anime My Teen Romantic Comedy SNAFU,en,2022-04-23,UwU,[],neutral,0.0,180.0,0.0
anime comedy,OtakuMystic25,RT WaifuAnimeMan Yui Anime My Teen Romantic Comedy SNAFU,en,2022-04-23,"San Diego, CA",[],neutral,0.0,271.0,0.0
anime comedy,t_thunder22,SniperSogo13 NNezuko I like that anime but not for romance its for comedy,en,2022-04-23,sage realm ,[],neutral,0.0,0.0,0.0
anime comedy,not_emoasshole_,RT IHateFallGuys they are right thothere is a lot of unnecessary horny and anime comedy shit which just made the experience worse for me,en,2022-04-23,she/her nya/nyan,[],negative,0.0,2.0,-0.1785714285714286
anime comedy,1059nekotora,RT WaifuAnimeMan Yui Anime My Teen Romantic Comedy SNAFU,en,2022-04-23,,[],neutral,0.0,187.0,0.0
anime comedy,RedditMemes18,To be or not to be the messiah rmemes meme memes funny dankmemes memesdaily funnymemes lol follow humor like dank love dankmeme instagram tiktok comedy memepage lmao fun ol anime dailymemes edgymemes offensivememes memestagram bhfyp funnymem,en,2022-04-23,,"['meme', 'memes', 'funny', 'dankmemes', 'memesdaily', 'funnymemes', 'lol', 'follow', 'humor', 'like', 'dank', 'love', 'dankmeme', 'instagram', 'tiktok', 'comedy', 'memepage', 'lmao', 'fun', 'ol', 'anime', 'dailymemes', 'edgymemes', 'offensivememes', 'memestagram', 'bhfyp', 'funnymem']",positive,0.0,0.0,0.4899999999999999
anime comedy,av4ntrd,Namaryuu just my opinion but the sxf anime looks kinda bland for a big project with 2 juggernaut studios I cant put my finger on it but I think its how the characters are done and the fluidity of animation not really feeling the direction of the scenes and the comedy in some parts,en,2022-04-23,,[],negative,1.0,0.0,-0.0888888888888888
anime comedy,DanielL67890,RT WaifuAnimeMan Yui Anime My Teen Romantic Comedy SNAFU,en,2022-04-23,,[],neutral,0.0,180.0,0.0
anime comedy,TapestryWhite,RT WaifuAnimeMan Yui Anime My Teen Romantic Comedy SNAFU,en,2022-04-23,,[],neutral,0.0,180.0,0.0
anime comedy,Leonard38262938,RT WaifuAnimeMan Yui Anime My Teen Romantic Comedy SNAFU,en,2022-04-23,,[],neutral,0.0,180.0,0.0
anime comedy,huetaoh,RT WaifuAnimeMan Yui Anime My Teen Romantic Comedy SNAFU,en,2022-04-23,,[],neutral,0.0,180.0,0.0
anime comedy,mutantcore,RT WaifuAnimeMan Yui Anime My Teen Romantic Comedy SNAFU,en,2022-04-23,"Mexico City, Mexico",[],neutral,0.0,180.0,0.0
anime comedy,pekopekoJDM,RT WaifuAnimeMan Yui Anime My Teen Romantic Comedy SNAFU,en,2022-04-23,ÊØç„ÅÆ„ÅäËÖπ,[],neutral,0.0,180.0,0.0
anime comedy,xxxanimexxx20,RT WaifuAnimeMan Yui Anime My Teen Romantic Comedy SNAFU,en,2022-04-23,GALAXY,[],neutral,0.0,187.0,0.0
anime comedy,Kishiito,RT WaifuAnimeMan Yui Anime My Teen Romantic Comedy SNAFU,en,2022-04-23,Hogwarts (Alicante),[],neutral,0.0,180.0,0.0
anime comedy,ReAnimetron,RT RedditMemes18 Name him rshitpostingmeme memes funny dankmemes memesdaily funnymemes lol follow humor like dank love,en,2022-04-23,Animeland,"['meme', 'memes', 'funny', 'dankmemes', 'memesdaily', 'funnymemes', 'lol', 'follow', 'humor', 'like', 'dank', 'love']",positive,0.0,2.0,0.5166666666666667
anime comedy,Le_Monarque_,RT WaifuAnimeMan Yui Anime My Teen Romantic Comedy SNAFU,en,2022-04-23,,[],neutral,0.0,271.0,0.0
anime comedy,RedditMemes18,Keep on shoveling rmemesmeme memes funny dankmemes memesdaily funnymemes lol follow humor like dank love dankmeme instagram tiktok comedy memepage lmao fun ol anime dailymemes edgymemes offensivememes memestagram bhfyp funnymeme instagood m,en,2022-04-23,,"['meme', 'memes', 'funny', 'dankmemes', 'memesdaily', 'funnymemes', 'lol', 'follow', 'humor', 'like', 'dank', 'love', 'dankmeme', 'instagram', 'tiktok', 'comedy', 'memepage', 'lmao', 'fun', 'ol', 'anime', 'dailymemes', 'edgymemes', 'offensivememes', 'memestagram', 'bhfyp', 'funnymeme', 'instagood', 'm']",positive,0.0,1.0,0.4899999999999999
anime comedy,bilibilith,‡∏û‡πà‡∏≠‡∏™‡∏õ‡∏≤‡∏¢‡πÅ‡∏°‡πà‡∏ô‡∏±‡∏Å‡∏Ü‡πà‡∏≤‡∏•‡∏π‡∏Å‡∏û‡∏•‡∏±‡∏á‡∏à‡∏¥‡∏ï ‡∏Ñ‡∏£‡∏≠‡∏ö‡∏Ñ‡∏£‡∏±‡∏ß‡∏™‡∏∏‡∏î‡∏õ‡πà‡∏ß‡∏ô SPYFAMILY ‡∏Ñ‡∏∑‡∏ô‡∏ô‡∏µ‡πâ‡∏à‡∏∞‡πÑ‡∏õ‡∏ó‡∏≥‡∏≠‡∏∞‡πÑ‡∏£‡∏Å‡∏±‡∏ô‡∏°‡∏≤‡∏™‡∏≥‡∏£‡∏ß‡∏à‡∏Å‡∏±‡∏ô‡∏ó‡∏µ‡πà Bilibili bilibili bilibilith SPYFAMILY Comedy ‡∏≠‡∏ô‡∏¥‡πÄ‡∏°‡∏∞‡∏°‡∏≤‡πÉ‡∏´‡∏°‡πà ‡∏≠‡∏ô‡∏¥‡πÄ‡∏°‡∏∞bilibili ‡∏°‡∏±‡∏á‡∏á‡∏∞ ‡∏≠‡∏ô‡∏¥‡πÄ‡∏°‡∏∞ anime spyfamily ‡∏≠‡∏ô‡∏¥‡πÄ‡∏°‡∏∞‡∏ç‡∏µ‡πà‡∏õ‡∏∏‡πà‡∏ô,th,2022-04-23,,"['bilibili', 'bilibilith', '„Çπ„Éë„Ç§„Éï„Ç°„Éü„É™„Éº', 'SPYFAMILY', 'Comedy', '‡∏≠‡∏ô', '‡∏≠‡∏ô', '‡∏°', '‡∏≠‡∏ô', 'anime', 'spyfamily', '‡∏≠‡∏ô']",negative,2.0,1.0,80.0
anime comedy,gerarmat27,RT WaifuAnimeMan Yui Anime My Teen Romantic Comedy SNAFU,en,2022-04-23,,[],neutral,0.0,271.0,0.0
anime comedy,terramorpher,RT WaifuAnimeMan Yui Anime My Teen Romantic Comedy SNAFU,en,2022-04-23,"–ü–µ—Ä–º—Å–∫–∏–π –∫—Ä–∞–π, –†–æ—Å—Å–∏—è",[],neutral,0.0,271.0,0.0
anime comedy,KaBeLiTO_,RT WaifuAnimeMan Yui Anime My Teen Romantic Comedy SNAFU,en,2022-04-23,,[],neutral,0.0,271.0,0.0
anime comedy,RedditMemes18,squirrel rshitpostingmeme memes funny dankmemes memesdaily funnymemes lol follow humor like dank love dankmeme instagram tiktok comedy memepage lmao fun ol anime dailymemes edgymemes offensivememes memestagram bhfyp funnymeme instagood memer,en,2022-04-23,,"['meme', 'memes', 'funny', 'dankmemes', 'memesdaily', 'funnymemes', 'lol', 'follow', 'humor', 'like', 'dank', 'love', 'dankmeme', 'instagram', 'tiktok', 'comedy', 'memepage', 'lmao', 'fun', 'ol', 'anime', 'dailymemes', 'edgymemes', 'offensivememes', 'memestagram', 'bhfyp', 'funnymeme', 'instagood', 'memer']",positive,1.0,1.0,0.4899999999999999
anime comedy,RedditMemes18,Ruff rshitpostingmeme memes funny dankmemes memesdaily funnymemes lol follow humor like dank love dankmeme instagram tiktok comedy memepage lmao fun ol anime dailymemes edgymemes offensivememes memestagram bhfyp funnymeme instagood memer bhfyp,en,2022-04-23,,"['meme', 'memes', 'funny', 'dankmemes', 'memesdaily', 'funnymemes', 'lol', 'follow', 'humor', 'like', 'dank', 'love', 'dankmeme', 'instagram', 'tiktok', 'comedy', 'memepage', 'lmao', 'fun', 'ol', 'anime', 'dailymemes', 'edgymemes', 'offensivememes', 'memestagram', 'bhfyp', 'funnymeme', 'instagood', 'memer', 'bhfyp']",positive,0.0,0.0,0.4899999999999999
anime comedy,WnDBpZa6hdUo1vb,RT WaifuAnimeMan Yui Anime My Teen Romantic Comedy SNAFU,en,2022-04-23,,[],neutral,0.0,271.0,0.0
anime comedy,ib_vwho,RT WaifuAnimeMan Yui Anime My Teen Romantic Comedy SNAFU,en,2022-04-23,,[],neutral,0.0,271.0,0.0
anime comedy,JmaV8gf,RT WaifuAnimeMan Yui Anime My Teen Romantic Comedy SNAFU,en,2022-04-23,,[],neutral,0.0,187.0,0.0
anime comedy,IVANSAN22117391,RT WaifuAnimeMan Yui Anime My Teen Romantic Comedy SNAFU,en,2022-04-23,,[],neutral,0.0,271.0,0.0
anime comedy,AxcelCV1,RT WaifuAnimeMan Yui Anime My Teen Romantic Comedy SNAFU,en,2022-04-23,"Yuma, AZ",[],neutral,0.0,180.0,0.0
anime comedy,MoisimhoDest,RT WaifuAnimeMan Yui Anime My Teen Romantic Comedy SNAFU,en,2022-04-23,,[],neutral,0.0,180.0,0.0
anime comedy,museacg_my,Daily Anime UpdateThe Familiar of Zero Knight of the Twin MoonsBroadcast date 24042022Broadcast time 900PM GMT8Genres Action Adventure Comedy Fantasy Romance Ecchi ZeroNoTsukaima TheFamiliarOfZero musemalaysia,en,2022-04-23,Kuala Lumpur,"['„Çº„É≠„ÅÆ‰Ωø„ÅÑÈ≠î', 'ZeroNoTsukaima', 'Èõ∂‰πã‰ΩøÈ≠î', 'TheFamiliarOfZero', 'musemalaysia']",positive,0.0,0.0,0.1583333333333333
anime comedy,WQSivPHU0WqBvbF,RT WaifuAnimeMan Yui Anime My Teen Romantic Comedy SNAFU,en,2022-04-23,,[],neutral,0.0,271.0,0.0
anime comedy,Sorasenpai5,Heres an anime id recommend for some of you guys Katekyo Hitman Reborn Series starts out with 19 episodes good luck XD of peaceful days and introducing a couple of characters at least until episode 20 and afterwards The anime has comedy so youll get a good laugh for sure,en,2022-04-23,,[],positive,0.0,0.0,0.3583333333333333
anime comedy,eckgramajo,RT WaifuAnimeMan Yui Anime My Teen Romantic Comedy SNAFU,en,2022-04-23,Guatemala,[],neutral,0.0,271.0,0.0
anime comedy,__NATIVEE__,RT WaifuAnimeMan Yui Anime My Teen Romantic Comedy SNAFU,en,2022-04-23,twitch/youtube,[],neutral,0.0,271.0,0.0
anime comedy,kkk276491754,Judyaru ahh yess komi san i was watching it too i frgt about it tbh ahahaha yeah its relatable bt the comedy aspect doesnt make me laugh thats why it kinda gets bit boring for me bt yh its a good anime still i should finish it actually,en,2022-04-23,under mammon's bed,[],neutral,1.0,0.0,0.0
anime comedy,RaylosX,RT WaifuAnimeMan Yui Anime My Teen Romantic Comedy SNAFU,en,2022-04-23,Mexico,[],neutral,0.0,271.0,0.0
anime comedy,cloud10121979,RT WaifuAnimeMan Yui Anime My Teen Romantic Comedy SNAFU,en,2022-04-23,,[],neutral,0.0,271.0,0.0
anime comedy,DrDarkIL,RT WaifuAnimeMan Yui Anime My Teen Romantic Comedy SNAFU,en,2022-04-23,◊ô◊©◊®◊ê◊ú,[],neutral,0.0,271.0,0.0
anime comedy,Skarz11,RT WaifuAnimeMan Yui Anime My Teen Romantic Comedy SNAFU,en,2022-04-23,,[],neutral,0.0,271.0,0.0
anime comedy,JoaquinTreppo,RT WaifuAnimeMan Yui Anime My Teen Romantic Comedy SNAFU,en,2022-04-23,,[],neutral,0.0,271.0,0.0
anime comedy,dcb2art,RT WaifuAnimeMan Yui Anime My Teen Romantic Comedy SNAFU,en,2022-04-23,,[],neutral,0.0,271.0,0.0
anime comedy,julioce3150,RT WaifuAnimeMan Yui Anime My Teen Romantic Comedy SNAFU,en,2022-04-23,...,[],neutral,0.0,271.0,0.0
anime comedy,AMDtoon,alwaysJoan Comedy anime Thats all I got,en,2022-04-23,"i like trains, bikes too",[],neutral,0.0,0.0,0.0
anime comedy,_0p__q0__,RT WaifuAnimeMan Yui Anime My Teen Romantic Comedy SNAFU,en,2022-04-23,,[],neutral,0.0,271.0,0.0
anime comedy,senseiuub,radishart peak anime comedy D3generocity,en,2022-04-23,,[],neutral,0.0,0.0,0.0
anime comedy,6_kden,estheay TheShroomyBoy I dont mean it in a lewd way Shes just peak comedyFor lewds they gotta be at least 10 in anime Loli years am I right gamers lt3,en,2022-04-23,,[],negative,1.0,0.0,-0.1349702380952381
anime comedy,airzyyy_,RT bilibilith ‡∏û‡πà‡∏≠‡∏™‡∏õ‡∏≤‡∏¢‡πÅ‡∏°‡πà‡∏ô‡∏±‡∏Å‡∏Ü‡πà‡∏≤‡∏•‡∏π‡∏Å‡∏û‡∏•‡∏±‡∏á‡∏à‡∏¥‡∏ï ‡∏Ñ‡∏£‡∏≠‡∏ö‡∏Ñ‡∏£‡∏±‡∏ß‡∏™‡∏∏‡∏î‡∏õ‡πà‡∏ß‡∏ô SPYFAMILY ‡∏Ñ‡∏∑‡∏ô‡∏ô‡∏µ‡πâ‡∏à‡∏∞‡πÑ‡∏õ‡∏ó‡∏≥‡∏≠‡∏∞‡πÑ‡∏£‡∏Å‡∏±‡∏ô‡∏°‡∏≤‡∏™‡∏≥‡∏£‡∏ß‡∏à‡∏Å‡∏±‡∏ô‡∏ó‡∏µ‡πà Bilibili,th,2022-04-23,,[],negative,0.0,1.0,80.0
anime comedy,hUNDERSCORE_,RT WaifuAnimeMan Yui Anime My Teen Romantic Comedy SNAFU,en,2022-04-23,SoCal (626 area),[],neutral,0.0,271.0,0.0
anime comedy,Andrey39773858,RT WaifuAnimeMan Yui Anime My Teen Romantic Comedy SNAFU,en,2022-04-23,,[],neutral,0.0,271.0,0.0
anime comedy,EagisCorp,RT WaifuAnimeMan Yui Anime My Teen Romantic Comedy SNAFU,en,2022-04-23,World,[],neutral,0.0,271.0,0.0
anime comedy,Juanma61422826,RT WaifuAnimeMan Yui Anime My Teen Romantic Comedy SNAFU,en,2022-04-23,,[],neutral,0.0,271.0,0.0
anime comedy,Nateshi_Flamel,RT WaifuAnimeMan Yui Anime My Teen Romantic Comedy SNAFU,en,2022-04-23,"Santiago, Chile",[],neutral,0.0,271.0,0.0
anime comedy,RedditMemes18,I love cheating too rmemes meme memes funny dankmemes memesdaily funnymemes lol follow humor like dank love dankmeme instagram tiktok comedy memepage lmao fun ol anime dailymemes edgymemes offensivememes memestagram bhfyp funnymeme instagood,en,2022-04-23,,"['meme', 'memes', 'funny', 'dankmemes', 'memesdaily', 'funnymemes', 'lol', 'follow', 'humor', 'like', 'dank', 'love', 'dankmeme', 'instagram', 'tiktok', 'comedy', 'memepage', 'lmao', 'fun', 'ol', 'anime', 'dailymemes', 'edgymemes', 'offensivememes', 'memestagram', 'bhfyp', 'funnymeme', 'instagood']",positive,0.0,0.0,0.4916666666666666
anime comedy,MhxOnichichi,RT WaifuAnimeMan Yui Anime My Teen Romantic Comedy SNAFU,en,2022-04-23,Â§âÊÖãÊòüÈõ≤MHX999Â∏Ç33-4‚òÜya‚òÜra‚òÜna‚òÜi‚òÜka‚òÜ,[],neutral,0.0,180.0,0.0
anime comedy,enzogrcno,RT WaifuAnimeMan Yui Anime My Teen Romantic Comedy SNAFU,en,2022-04-23,,[],neutral,0.0,187.0,0.0
anime comedy,TwinSupaa,RT WaifuAnimeMan Yui Anime My Teen Romantic Comedy SNAFU,en,2022-04-23,,[],neutral,0.0,187.0,0.0
anime comedy,MhxOnichichi,RT WaifuAnimeMan Yui Anime My Teen Romantic Comedy SNAFU,en,2022-04-23,Â§âÊÖãÊòüÈõ≤MHX999Â∏Ç33-4‚òÜya‚òÜra‚òÜna‚òÜi‚òÜka‚òÜ,[],neutral,0.0,181.0,0.0
anime comedy,paktularr,i just wanna say thank u to my friend who told me all the reasons why jojo is very bizarre if I hadnt know a thing abt it I wouldve thought its a comedy anime,en,2022-04-23,,[],positive,0.0,0.0,0.52
anime comedy,TYLERSMATRIXHUB,RT WaifuAnimeMan Yui Anime My Teen Romantic Comedy SNAFU,en,2022-04-23,,[],neutral,0.0,181.0,0.0
anime comedy,Shariff206,RT WaifuAnimeMan Yui Anime My Teen Romantic Comedy SNAFU,en,2022-04-23,Bangalore,[],neutral,0.0,187.0,0.0
anime comedy,SoulSoaring22,RT WaifuAnimeMan Yui Anime My Teen Romantic Comedy SNAFU,en,2022-04-23,"San Antonio, TX",[],neutral,0.0,181.0,0.0
anime comedy,LukeAnimeFan736,RT WaifuAnimeMan Yui Anime My Teen Romantic Comedy SNAFU,en,2022-04-23,United Kingdom,[],neutral,0.0,181.0,0.0
anime comedy,Rogelio44406151,RT WaifuAnimeMan Yui Anime My Teen Romantic Comedy SNAFU,en,2022-04-23,,[],neutral,0.0,261.0,0.0
anime comedy,julioce3150,RT WaifuAnimeMan Yui Anime My Teen Romantic Comedy SNAFU,en,2022-04-23,...,[],neutral,0.0,261.0,0.0
anime comedy,Annin_daisuki,Her Hobbies Watching anime comedyshow listening music and readingmanga,en,2022-04-23,Indonesia,[],neutral,0.0,0.0,0.0
anime comedy,EnginoJuushichi,once in a while i think about how the first thing people see on my page is an anime girl avatarbut this particular aki pfp is godlike plus i made this one so its extra godlikethinking about non weebadjacent people meeting me and then seeing my twitter is peak comedy tho,en,2022-04-23,"Columbus, Ohio (He/Him)",[],positive,10.0,0.0,0.1388888888888888
anime comedy,CyberArtworks_9,RT WaifuAnimeMan Yui Anime My Teen Romantic Comedy SNAFU,en,2022-04-23,Hessen,[],neutral,0.0,261.0,0.0
anime comedy,Manuel75312,RT WaifuAnimeMan Yui Anime My Teen Romantic Comedy SNAFU,en,2022-04-23,"Le√≥n, Guanajuato",[],neutral,0.0,261.0,0.0
anime comedy,365Maldon,RT WaifuAnimeMan Yui Anime My Teen Romantic Comedy SNAFU,en,2022-04-23,"New Romney, England",[],neutral,0.0,261.0,0.0
anime comedy,CODEGEASS_LL,RT WaifuAnimeMan Yui Anime My Teen Romantic Comedy SNAFU,en,2022-04-23,ÊÑõÁü•,[],neutral,0.0,261.0,0.0
anime comedy,DrDarkIL,RT WaifuAnimeMan Yui Anime My Teen Romantic Comedy SNAFU,en,2022-04-23,◊ô◊©◊®◊ê◊ú,[],neutral,0.0,261.0,0.0
anime comedy,zbXycGNPRZPxqXT,RT WaifuAnimeMan Yui Anime My Teen Romantic Comedy SNAFU,en,2022-04-23,,[],neutral,0.0,261.0,0.0
anime comedy,MtnDewGuy2k1,RT WaifuAnimeMan Yui Anime My Teen Romantic Comedy SNAFU,en,2022-04-23,Why do you want to know?,[],neutral,0.0,181.0,0.0
anime comedy,SurbhitAgrawal7,RT myanimelist News Cool Doji Danshi Play It Cool Guys comedy slice of life manga gets TV anime for Fall 2022 Chiaki Kon Gokushufud,en,2022-04-23,,[],positive,0.0,35.0,0.35
anime comedy,fayevflave,I feel like every time someone asks me my top 5 anime it always changes but here we go Recovery of an MMO Junkie My Teen Romantic Comedy SNAFU Shokugeki no Soma Kiddy Grade Ichigo 100 Tryna tag LennaVTuber thefantasyfen amp MochiFTW,en,2022-04-23,Fan Name: FLAVEoritesüç°,[],positive,6.0,0.0,0.2604166666666667
anime comedy,Alejandroo__nm,RT WaifuAnimeMan Yui Anime My Teen Romantic Comedy SNAFU,en,2022-04-23,"Tijuana, Baja California",[],neutral,0.0,187.0,0.0
anime comedy,Kishiito,RT WaifuAnimeMan Yui Anime My Teen Romantic Comedy SNAFU,en,2022-04-23,Hogwarts (Alicante),[],neutral,0.0,188.0,0.0
anime comedy,choconaff,THISThis anime was so wholesome Sekarang uda rare fandom maybeGenre nya paket komplit Action fantasy adventure comedy romance Friendship Number 1Anime pertama yg bikin jatuh cinta ke anime Want to rewatch it soon,en,2022-04-23,infj-t,[],positive,0.0,0.0,0.2
anime comedy,furiouspandas1,This anime is such a great blend of satire comedy and still is also really sweet too Ive really enjoyed it so far definitely one of my favorites so far this spring anime season koiseka koisekaanimeKoiwaSekaiSeifukunoAtode LoveAfterWorldDomination,en,2022-04-23,United States,"['ÊÅã„Åõ„Åã', 'koiseka', 'koiseka_anime', 'KoiwaSekaiSeifukunoAtode', 'LoveAfterWorldDomination']",positive,4.0,0.0,0.2678571428571428
anime comedy,pad_DBZ,RT WaifuAnimeMan Yui Anime My Teen Romantic Comedy SNAFU,en,2022-04-23,„Çã„Å®ÈªíÈñÉÊïôüëäüí•,[],neutral,0.0,187.0,0.0
anime comedy,neko_ushio,RT WaifuAnimeMan Yui Anime My Teen Romantic Comedy SNAFU,en,2022-04-23,"Cabo Frio, Rio De Janeiro",[],neutral,0.0,187.0,0.0
anime comedy,TapestryWhite,RT WaifuAnimeMan Yui Anime My Teen Romantic Comedy SNAFU,en,2022-04-23,,[],neutral,0.0,187.0,0.0
anime comedy,__Koku___,RT WaifuAnimeMan Yui Anime My Teen Romantic Comedy SNAFU,en,2022-04-23,Finland,[],neutral,0.0,180.0,0.0
anime comedy,Alejandroo__nm,RT WaifuAnimeMan Yui Anime My Teen Romantic Comedy SNAFU,en,2022-04-23,"Tijuana, Baja California",[],neutral,0.0,181.0,0.0
anime comedy,DanielL67890,RT WaifuAnimeMan Yui Anime My Teen Romantic Comedy SNAFU,en,2022-04-23,,[],neutral,0.0,187.0,0.0
anime comedy,lemonfeett,anime genres I like are psychological horror mystery umm uh sometimes romance and comedy,en,2022-04-23,,[],neutral,1.0,0.0,0.0
anime comedy,whoiamecchi,RT WaifuAnimeMan Yui Anime My Teen Romantic Comedy SNAFU,en,2022-04-23,,[],neutral,0.0,181.0,0.0
anime comedy,paveldam17,RT WaifuAnimeMan Yui Anime My Teen Romantic Comedy SNAFU,en,2022-04-23,"Monterrey, Nuevo Le√≥n",[],neutral,0.0,261.0,0.0
anime comedy,i8nyJvKq97Wxzlg,RT WaifuAnimeMan Yui Anime My Teen Romantic Comedy SNAFU,en,2022-04-23,,[],neutral,0.0,261.0,0.0
anime comedy,terramorpher,RT WaifuAnimeMan Yui Anime My Teen Romantic Comedy SNAFU,en,2022-04-23,"–ü–µ—Ä–º—Å–∫–∏–π –∫—Ä–∞–π, –†–æ—Å—Å–∏—è",[],neutral,0.0,261.0,0.0
anime comedy,gerarmat27,RT WaifuAnimeMan Yui Anime My Teen Romantic Comedy SNAFU,en,2022-04-23,,[],neutral,0.0,261.0,0.0
anime comedy,YEss9806412,RT WaifuAnimeMan Yui Anime My Teen Romantic Comedy SNAFU,en,2022-04-23,,[],neutral,0.0,261.0,0.0
anime comedy,sexywaifus3130,RT WaifuAnimeMan Yui Anime My Teen Romantic Comedy SNAFU,en,2022-04-23,,[],neutral,0.0,261.0,0.0
anime comedy,AdeusAtlantida,RT WaifuAnimeMan Yui Anime My Teen Romantic Comedy SNAFU,en,2022-04-23,"Rio de Janeiro, Brasil",[],neutral,0.0,261.0,0.0
anime comedy,RedditMemes18,It was nice knowing you rmemes meme memes funny dankmemes memesdaily funnymemes lol follow humor like dank love dankmeme instagram tiktok comedy memepage lmao fun ol anime dailymemes edgymemes offensivememes memestagram bhfyp funnymeme instag,en,2022-04-23,,"['meme', 'memes', 'funny', 'dankmemes', 'memesdaily', 'funnymemes', 'lol', 'follow', 'humor', 'like', 'dank', 'love', 'dankmeme', 'instagram', 'tiktok', 'comedy', 'memepage', 'lmao', 'fun', 'ol', 'anime', 'dailymemes', 'edgymemes', 'offensivememes', 'memestagram', 'bhfyp', 'funnymeme', 'instag']",positive,0.0,1.0,0.5083333333333333
anime comedy,pad_DBZ,RT WaifuAnimeMan Yui Anime My Teen Romantic Comedy SNAFU,en,2022-04-23,„Çã„Å®ÈªíÈñÉÊïôüëäüí•,[],neutral,0.0,180.0,0.0
anime comedy,Andrey39773858,RT WaifuAnimeMan Yui Anime My Teen Romantic Comedy SNAFU,en,2022-04-23,,[],neutral,0.0,257.0,0.0
anime comedy,julioce3150,RT WaifuAnimeMan Yui Anime My Teen Romantic Comedy SNAFU,en,2022-04-23,...,[],neutral,0.0,258.0,0.0
anime comedy,dcb2art,RT WaifuAnimeMan Yui Anime My Teen Romantic Comedy SNAFU,en,2022-04-23,,[],neutral,0.0,258.0,0.0
anime comedy,JoaquinTreppo,RT WaifuAnimeMan Yui Anime My Teen Romantic Comedy SNAFU,en,2022-04-23,,[],neutral,0.0,258.0,0.0
anime comedy,yuutsuki,RT oddwinters Kinda disappointed in the Spy x Family anime so far Its fine but like with many other shows the manga just does everyth,en,2022-04-23,‡∏î‡∏≤‡∏ß‡πÄ‡∏™‡∏µ‡πâ‡∏¢‡∏ô‡πÄ‡∏Å‡∏∞üé§,[],positive,0.0,1.0,0.0283333333333333
anime comedy,Le_Monarque_,RT WaifuAnimeMan Yui Anime My Teen Romantic Comedy SNAFU,en,2022-04-23,,[],neutral,0.0,261.0,0.0
anime comedy,FoxShock2,RT WaifuAnimeMan Yui Anime My Teen Romantic Comedy SNAFU,en,2022-04-23,,[],neutral,0.0,261.0,0.0
anime comedy,Hypezin10,RT WaifuAnimeMan Yui Anime My Teen Romantic Comedy SNAFU,en,2022-04-23,,[],neutral,0.0,187.0,0.0
anime comedy,JoaquinTreppo,RT WaifuAnimeMan Yui Anime My Teen Romantic Comedy SNAFU,en,2022-04-23,,[],neutral,0.0,257.0,0.0
anime comedy,Troox325,RT WaifuAnimeMan Yui Anime My Teen Romantic Comedy SNAFU,en,2022-04-23,,[],neutral,0.0,261.0,0.0
anime comedy,ib_vwho,RT WaifuAnimeMan Yui Anime My Teen Romantic Comedy SNAFU,en,2022-04-23,,[],neutral,0.0,261.0,0.0
anime comedy,neko_ushio,RT WaifuAnimeMan Yui Anime My Teen Romantic Comedy SNAFU,en,2022-04-23,"Cabo Frio, Rio De Janeiro",[],neutral,0.0,181.0,0.0
anime comedy,Kitakubu1010,RT WaifuAnimeMan Yui Anime My Teen Romantic Comedy SNAFU,en,2022-04-23,„Ç™„É©„É™„Ç™,[],neutral,0.0,181.0,0.0
anime comedy,RedditMemes18,Degeneracy rshitpostingmeme memes funny dankmemes memesdaily funnymemes lol follow humor like dank love dankmeme instagram tiktok comedy memepage lmao fun ol anime dailymemes edgymemes offensivememes memestagram bhfyp funnymeme instagood mem,en,2022-04-23,,"['meme', 'memes', 'funny', 'dankmemes', 'memesdaily', 'funnymemes', 'lol', 'follow', 'humor', 'like', 'dank', 'love', 'dankmeme', 'instagram', 'tiktok', 'comedy', 'memepage', 'lmao', 'fun', 'ol', 'anime', 'dailymemes', 'edgymemes', 'offensivememes', 'memestagram', 'bhfyp', 'funnymeme', 'instagood', 'mem']",positive,0.0,0.0,0.4899999999999999
anime comedy,av4ntrd,Namaryuu just my opinion but the sxf anime looks kinda bland for a big project with 2 juggernaut studios I cant put my finger on it but I think its how the characters are done and the fluidity of animation not really feeling the direction of the scenes and the comedy in some parts,en,2022-04-23,,[],negative,2.0,0.0,-0.0888888888888888
anime comedy,Zakybinia,olivertokar AnimeHype no bruh I just like comedy and the guy who has never raised a kid suddenly having to raise a kid trope you are looking too deep into it also shounen in anime is fucking boring,en,2022-04-23,,[],negative,4.0,0.0,-0.3333333333333333
anime comedy,JesusMezaRamir4,RT WaifuAnimeMan Yui Anime My Teen Romantic Comedy SNAFU,en,2022-04-23,,[],neutral,0.0,188.0,0.0
anime comedy,ApeironMage,RT WaifuAnimeMan Yui Anime My Teen Romantic Comedy SNAFU,en,2022-04-23,,[],neutral,0.0,261.0,0.0
anime comedy,suzubelle13,I just watched diabolik lovers season 1 and i know its not a comedy anime but i laughed so hard I cringed so bad but it at the same time it was entertaining to watch the show fried my brain so bad i wish it has a season 3 Im not even done with season 2 yet,en,2022-04-23,,[],negative,0.0,0.0,-0.0819444444444444
anime comedy,_0p__q0__,RT WaifuAnimeMan Yui Anime My Teen Romantic Comedy SNAFU,en,2022-04-23,,[],neutral,0.0,261.0,0.0
anime comedy,Skarz11,RT WaifuAnimeMan Yui Anime My Teen Romantic Comedy SNAFU,en,2022-04-23,,[],neutral,0.0,261.0,0.0
anime comedy,JoaquinTreppo,RT WaifuAnimeMan Yui Anime My Teen Romantic Comedy SNAFU,en,2022-04-23,,[],neutral,0.0,261.0,0.0
anime comedy,dcb2art,RT WaifuAnimeMan Yui Anime My Teen Romantic Comedy SNAFU,en,2022-04-23,,[],neutral,0.0,261.0,0.0
anime comedy,watashikalizard,RT WaifuAnimeMan Yui Anime My Teen Romantic Comedy SNAFU,en,2022-04-23,your mom's house,[],neutral,0.0,261.0,0.0
anime comedy,mutantcore,RT WaifuAnimeMan Yui Anime My Teen Romantic Comedy SNAFU,en,2022-04-23,"Mexico City, Mexico",[],neutral,0.0,187.0,0.0
anime comedy,WnDBpZa6hdUo1vb,RT WaifuAnimeMan Yui Anime My Teen Romantic Comedy SNAFU,en,2022-04-23,,[],neutral,0.0,261.0,0.0
anime comedy,GarlandYu,RT WaifuAnimeMan Yui Anime My Teen Romantic Comedy SNAFU,en,2022-04-23,"San Francisco, CA",[],neutral,0.0,261.0,0.0
anime comedy,JustRushMemes2,Nanatshi69 It has a anime and mangaSeason 3 for the anime comes out this fallIts a comedyaction with a plot and its great lol,en,2022-04-23,,[],positive,1.0,0.0,0.8
anime comedy,hUNDERSCORE_,RT WaifuAnimeMan Yui Anime My Teen Romantic Comedy SNAFU,en,2022-04-23,SoCal (626 area),[],neutral,0.0,261.0,0.0
anime comedy,nepnep____,RT Sargonarhes Darkseidiz Half comedy half tragedy all Gundam But its not an anime,en,2022-04-23,no,[],negative,0.0,1.0,-0.1666666666666666
anime comedy,EagisCorp,RT WaifuAnimeMan Yui Anime My Teen Romantic Comedy SNAFU,en,2022-04-23,World,[],neutral,0.0,261.0,0.0
anime comedy,Nateshi_Flamel,RT WaifuAnimeMan Yui Anime My Teen Romantic Comedy SNAFU,en,2022-04-23,"Santiago, Chile",[],neutral,0.0,261.0,0.0
anime comedy,YogaPra94718643,RT WaifuAnimeMan Yui Anime My Teen Romantic Comedy SNAFU,en,2022-04-23,,[],neutral,0.0,261.0,0.0
anime comedy,WaifuAnimeMan,RT WaifuAnimeMan Yui Anime My Teen Romantic Comedy SNAFU,en,2022-04-23,,[],neutral,0.0,261.0,0.0
anime comedy,KaBeLiTO_,RT WaifuAnimeMan Yui Anime My Teen Romantic Comedy SNAFU,en,2022-04-23,,[],neutral,0.0,261.0,0.0
anime comedy,akibatan,‡∏≠‡∏ß‡∏™‡∏≤‡∏ô‡∏û‡∏µ‡πà‡∏ä‡∏≤‡∏¢ ‡∏Å‡∏•‡∏≤‡∏¢‡πÄ‡∏õ‡πá‡∏ô‡∏û‡∏µ‡πà‡∏™‡∏≤‡∏ß ‡∏°‡∏±‡∏á‡∏á‡∏∞ Oniichan wa Oshimai ‡∏õ‡∏£‡∏∞‡∏Å‡∏≤‡∏®‡∏ó‡∏≥‡∏≠‡∏ô‡∏¥‡πÄ‡∏°‡∏∞‡∏ó‡∏µ‡∏ß‡∏µ‡∏ã‡∏µ‡∏£‡∏µ‡∏™‡πå Akibatan,th,2022-04-23,Thailand,['Akibatan'],,2.0,2.0,0.0
anime comedy,MinhMan_,delano3xd ScarredHero15 ChibiReviews That doesnt really explain to me why you dont like it You just dont wanna see romantic anime is what it sounds like to me I dont see how watching only romantic comedy make people cut off from the real world,en,2022-04-23,"Cranston, RI",[],positive,0.0,0.0,0.08
anime comedy,Juanma61422826,RT WaifuAnimeMan Yui Anime My Teen Romantic Comedy SNAFU,en,2022-04-23,,[],neutral,0.0,261.0,0.0
anime comedy,ky_rinchan,RT WaifuAnimeMan Yui Anime My Teen Romantic Comedy SNAFU,en,2022-04-23,Hong Kong,[],neutral,0.0,188.0,0.0
anime comedy,Andrey39773858,RT WaifuAnimeMan Yui Anime My Teen Romantic Comedy SNAFU,en,2022-04-23,,[],neutral,0.0,261.0,0.0
anime comedy,YogaPra94718643,RT WaifuAnimeMan Yui Anime My Teen Romantic Comedy SNAFU,en,2022-04-23,,[],neutral,0.0,258.0,0.0
anime comedy,jessefreeland,Making more premium content is a better approach and I would expect Netflix will do that Or just making content the customer wants bug budget action movies documentaries comedy specials anime etc,en,2022-04-23,,[],positive,0.0,0.0,0.325
anime comedy,ApeironMage,RT WaifuAnimeMan Yui Anime My Teen Romantic Comedy SNAFU,en,2022-04-23,,[],neutral,0.0,258.0,0.0
anime comedy,ReAnimetron,RT RedditMemes18 extra fucked rshitpostingmeme memes funny dankmemes memesdaily funnymemes lol follow humor like dank lo,en,2022-04-23,Animeland,"['meme', 'memes', 'funny', 'dankmemes', 'memesdaily', 'funnymemes', 'lol', 'follow', 'humor', 'like', 'dank', 'lo']",positive,0.0,1.0,0.1125
anime comedy,Alejandroo__nm,RT WaifuAnimeMan Yui Anime My Teen Romantic Comedy SNAFU,en,2022-04-23,"Tijuana, Baja California",[],neutral,0.0,188.0,0.0
anime comedy,pad_DBZ,RT WaifuAnimeMan Yui Anime My Teen Romantic Comedy SNAFU,en,2022-04-23,„Çã„Å®ÈªíÈñÉÊïôüëäüí•,[],neutral,0.0,188.0,0.0
anime comedy,Matchaco27,RT WaifuAnimeMan Yui Anime My Teen Romantic Comedy SNAFU,en,2022-04-23,,[],neutral,0.0,180.0,0.0
anime comedy,Hypezin10,RT WaifuAnimeMan Yui Anime My Teen Romantic Comedy SNAFU,en,2022-04-23,,[],neutral,0.0,188.0,0.0
anime comedy,kanika_sardar,RT myanimelist News Cool Doji Danshi Play It Cool Guys comedy slice of life manga gets TV anime for Fall 2022 Chiaki Kon Gokushufud,en,2022-04-23,India,[],positive,0.0,35.0,0.35
anime comedy,Eryu_04_,RT WaifuAnimeMan Yui Anime My Teen Romantic Comedy SNAFU,en,2022-04-23,,[],neutral,0.0,188.0,0.0
anime comedy,Poojan50957387,RT WaifuAnimeMan Yui Anime My Teen Romantic Comedy SNAFU,en,2022-04-23,,[],neutral,0.0,188.0,0.0
anime comedy,Shariff206,RT WaifuAnimeMan Yui Anime My Teen Romantic Comedy SNAFU,en,2022-04-23,Bangalore,[],neutral,0.0,188.0,0.0
anime comedy,Death10817212,RT WaifuAnimeMan Yui Anime My Teen Romantic Comedy SNAFU,en,2022-04-23,,[],neutral,0.0,187.0,0.0
anime comedy,TwinSupaa,RT WaifuAnimeMan Yui Anime My Teen Romantic Comedy SNAFU,en,2022-04-23,,[],neutral,0.0,188.0,0.0
anime comedy,JmaV8gf,RT WaifuAnimeMan Yui Anime My Teen Romantic Comedy SNAFU,en,2022-04-23,,[],neutral,0.0,188.0,0.0
anime comedy,__Kiyan,RT WaifuAnimeMan Yui Anime My Teen Romantic Comedy SNAFU,en,2022-04-23,Anor Londo,[],neutral,0.0,188.0,0.0
anime comedy,Kitakubu1010,RT WaifuAnimeMan Yui Anime My Teen Romantic Comedy SNAFU,en,2022-04-23,„Ç™„É©„É™„Ç™,[],neutral,0.0,188.0,0.0
anime comedy,TwinSupaa,RT WaifuAnimeMan Yui Anime My Teen Romantic Comedy SNAFU,en,2022-04-23,,[],neutral,0.0,180.0,0.0
anime comedy,Klepya,RT WaifuAnimeMan Yui Anime My Teen Romantic Comedy SNAFU,en,2022-04-23,Neuqu√©n,[],neutral,0.0,188.0,0.0
anime comedy,lemonfeett,anime genres I like are psychological horror mystery umm uh sometimes romance and comedy,en,2022-04-23,,[],neutral,0.0,0.0,0.0
anime comedy,neko_ushio,RT WaifuAnimeMan Yui Anime My Teen Romantic Comedy SNAFU,en,2022-04-23,"Cabo Frio, Rio De Janeiro",[],neutral,0.0,188.0,0.0
anime comedy,Eryu_04_,RT WaifuAnimeMan Yui Anime My Teen Romantic Comedy SNAFU,en,2022-04-23,,[],neutral,0.0,180.0,0.0
anime comedy,MtnDewGuy2k1,RT WaifuAnimeMan Yui Anime My Teen Romantic Comedy SNAFU,en,2022-04-23,Why do you want to know?,[],neutral,0.0,187.0,0.0
anime comedy,LukeAnimeFan736,RT WaifuAnimeMan Yui Anime My Teen Romantic Comedy SNAFU,en,2022-04-23,United Kingdom,[],neutral,0.0,188.0,0.0
anime comedy,MhxOnichichi,RT WaifuAnimeMan Yui Anime My Teen Romantic Comedy SNAFU,en,2022-04-23,Â§âÊÖãÊòüÈõ≤MHX999Â∏Ç33-4‚òÜya‚òÜra‚òÜna‚òÜi‚òÜka‚òÜ,[],neutral,0.0,188.0,0.0
anime comedy,TapestryWhite,RT WaifuAnimeMan Yui Anime My Teen Romantic Comedy SNAFU,en,2022-04-23,,[],neutral,0.0,188.0,0.0
anime comedy,AlDawoo14,RT WaifuAnimeMan Yui Anime My Teen Romantic Comedy SNAFU,en,2022-04-23,,[],neutral,0.0,188.0,0.0
anime comedy,BenBroo96756107,RT WaifuAnimeMan Yui Anime My Teen Romantic Comedy SNAFU,en,2022-04-23,"New Egypt, NJ",[],neutral,0.0,188.0,0.0
anime comedy,RyanSenpai94,RT WaifuAnimeMan Yui Anime My Teen Romantic Comedy SNAFU,en,2022-04-23,"Los Angeles, CA",[],neutral,0.0,188.0,0.0
anime comedy,Klepya,RT WaifuAnimeMan Yui Anime My Teen Romantic Comedy SNAFU,en,2022-04-23,Neuqu√©n,[],neutral,0.0,187.0,0.0
anime comedy,AxcelCV1,RT WaifuAnimeMan Yui Anime My Teen Romantic Comedy SNAFU,en,2022-04-23,"Yuma, AZ",[],neutral,0.0,187.0,0.0
anime comedy,whoiamecchi,RT WaifuAnimeMan Yui Anime My Teen Romantic Comedy SNAFU,en,2022-04-23,,[],neutral,0.0,188.0,0.0
anime comedy,sancchezy,RT WaifuAnimeMan Yui Anime My Teen Romantic Comedy SNAFU,en,2022-04-23,they/them ,[],neutral,0.0,188.0,0.0
anime comedy,MtnDewGuy2k1,RT WaifuAnimeMan Yui Anime My Teen Romantic Comedy SNAFU,en,2022-04-23,Why do you want to know?,[],neutral,0.0,188.0,0.0
anime comedy,KaBeLiTO_,RT WaifuAnimeMan Yui Anime My Teen Romantic Comedy SNAFU,en,2022-04-23,,[],neutral,0.0,257.0,0.0
anime comedy,Hypezin10,RT WaifuAnimeMan Yui Anime My Teen Romantic Comedy SNAFU,en,2022-04-23,,[],neutral,0.0,180.0,0.0
anime comedy,JmaV8gf,RT WaifuAnimeMan Yui Anime My Teen Romantic Comedy SNAFU,en,2022-04-23,,[],neutral,0.0,180.0,0.0
anime comedy,sancchezy,RT WaifuAnimeMan Yui Anime My Teen Romantic Comedy SNAFU,en,2022-04-23,they/them ,[],neutral,0.0,180.0,0.0
anime comedy,MtnDewGuy2k1,RT WaifuAnimeMan Yui Anime My Teen Romantic Comedy SNAFU,en,2022-04-23,Why do you want to know?,[],neutral,0.0,180.0,0.0
anime comedy,xxxanimexxx20,RT WaifuAnimeMan Yui Anime My Teen Romantic Comedy SNAFU,en,2022-04-23,GALAXY,[],neutral,0.0,180.0,0.0
anime comedy,barton_ojo,RT WaifuAnimeMan Yui Anime My Teen Romantic Comedy SNAFU,en,2022-04-23,Mex,[],neutral,0.0,188.0,0.0
anime comedy,NicJustinCorda,RT TheHowardWang Let me and Alejandro do more comedy anime together,en,2022-04-23,"NY,NY",[],positive,0.0,5.0,0.5
anime comedy,AxcelCV1,RT WaifuAnimeMan Yui Anime My Teen Romantic Comedy SNAFU,en,2022-04-23,"Yuma, AZ",[],neutral,0.0,188.0,0.0
anime comedy,enzogrcno,RT WaifuAnimeMan Yui Anime My Teen Romantic Comedy SNAFU,en,2022-04-23,,[],neutral,0.0,180.0,0.0
anime comedy,Poojan50957387,RT WaifuAnimeMan Yui Anime My Teen Romantic Comedy SNAFU,en,2022-04-23,,[],neutral,0.0,180.0,0.0
anime comedy,ReAnimetron,RT RedditMemes18 sweet rshitpostingmeme memes funny dankmemes memesdaily funnymemes lol follow humor like dank love dan,en,2022-04-23,Animeland,"['meme', 'memes', 'funny', 'dankmemes', 'memesdaily', 'funnymemes', 'lol', 'follow', 'humor', 'like', 'dank', 'love', 'dan']",positive,0.0,1.0,0.475
anime comedy,ReAnimetron,RT RedditMemes18 rshitpostingmeme memes funny dankmemes memesdaily funnymemes lol follow humor like dank love dankmem,en,2022-04-23,Animeland,"['meme', 'memes', 'funny', 'dankmemes', 'memesdaily', 'funnymemes', 'lol', 'follow', 'humor', 'like', 'dank', 'love', 'dankmem']",positive,0.0,1.0,0.5166666666666667
anime comedy,ccaipoh_11,RT myanimelist News Cool Doji Danshi Play It Cool Guys comedy slice of life manga gets TV anime for Fall 2022 Chiaki Kon Gokushufud,en,2022-04-23,¬Ø\_(„ÉÑ)_/¬Ø,[],positive,0.0,35.0,0.35
anime comedy,Poojan50957387,RT WaifuAnimeMan Yui Anime My Teen Romantic Comedy SNAFU,en,2022-04-23,,[],neutral,0.0,187.0,0.0
anime comedy,ArnavSi19756826,RT myanimelist News Cool Doji Danshi Play It Cool Guys comedy slice of life manga gets TV anime for Fall 2022 Chiaki Kon Gokushufud,en,2022-04-23,,[],positive,0.0,35.0,0.35
anime comedy,Matchaco27,RT WaifuAnimeMan Yui Anime My Teen Romantic Comedy SNAFU,en,2022-04-23,,[],neutral,0.0,188.0,0.0
anime comedy,AllanMc34162402,RT WaifuAnimeMan Yui Anime My Teen Romantic Comedy SNAFU,en,2022-04-23,,[],neutral,0.0,188.0,0.0
anime comedy,YaBoiPicklez,Spy x Family ongoing Caught up on the manga to prep for the anime Series is a really fun read with great characters A solid blend of slice of life comedy and espioange action 910,en,2022-04-23,Idol Hell,[],positive,0.0,0.0,0.3
anime comedy,__Koku___,RT WaifuAnimeMan Yui Anime My Teen Romantic Comedy SNAFU,en,2022-04-23,Finland,[],neutral,0.0,187.0,0.0
anime comedy,AvimanyuRoy3,10 Onipan Great anime short Animation is well done and comedy is on point Especially the interactions between cast members,en,2022-04-23,0x0,[],positive,0.0,0.0,0.2666666666666666
anime comedy,M0d3rn0,RT WaifuAnimeMan Yui Anime My Teen Romantic Comedy SNAFU,en,2022-04-23,,[],neutral,0.0,187.0,0.0
anime comedy,Death10817212,RT WaifuAnimeMan Yui Anime My Teen Romantic Comedy SNAFU,en,2022-04-23,,[],neutral,0.0,188.0,0.0
anime comedy,Alejandroo__nm,RT WaifuAnimeMan Yui Anime My Teen Romantic Comedy SNAFU,en,2022-04-23,"Tijuana, Baja California",[],neutral,0.0,180.0,0.0
anime comedy,AllanMc34162402,RT WaifuAnimeMan Yui Anime My Teen Romantic Comedy SNAFU,en,2022-04-23,,[],neutral,0.0,180.0,0.0
anime comedy,The_Otaku_kun,RT WaifuAnimeMan Yui Anime My Teen Romantic Comedy SNAFU,en,2022-04-23,,[],neutral,0.0,188.0,0.0
anime comedy,FoxShock2,RT WaifuAnimeMan Yui Anime My Teen Romantic Comedy SNAFU,en,2022-04-23,,[],neutral,0.0,258.0,0.0
anime comedy,terramorpher,RT WaifuAnimeMan Yui Anime My Teen Romantic Comedy SNAFU,en,2022-04-23,"–ü–µ—Ä–º—Å–∫–∏–π –∫—Ä–∞–π, –†–æ—Å—Å–∏—è",[],neutral,0.0,265.0,0.0
anime comedy,ReAnimetron,RT RedditMemes18 Russian roulette rshitpostingmeme memes funny dankmemes memesdaily funnymemes lol follow humor like dank,en,2022-04-23,Animeland,"['meme', 'memes', 'funny', 'dankmemes', 'memesdaily', 'funnymemes', 'lol', 'follow', 'humor', 'like', 'dank']",positive,0.0,1.0,0.35
anime comedy,arutakittitat,RT WaifuAnimeMan Yui Anime My Teen Romantic Comedy SNAFU,en,2022-04-23,,[],neutral,0.0,187.0,0.0
anime comedy,Matchaco27,RT WaifuAnimeMan Yui Anime My Teen Romantic Comedy SNAFU,en,2022-04-23,,[],neutral,0.0,181.0,0.0
anime comedy,ReAnimetron,RT RedditMemes18 clash of clans rshitpostingmeme memes funny dankmemes memesdaily funnymemes lol follow humor like dank,en,2022-04-23,Animeland,"['meme', 'memes', 'funny', 'dankmemes', 'memesdaily', 'funnymemes', 'lol', 'follow', 'humor', 'like', 'dank']",positive,0.0,1.0,0.525
anime comedy,neko_ushio,RT WaifuAnimeMan Yui Anime My Teen Romantic Comedy SNAFU,en,2022-04-23,"Cabo Frio, Rio De Janeiro",[],neutral,0.0,180.0,0.0
anime comedy,JesusMezaRamir4,RT WaifuAnimeMan Yui Anime My Teen Romantic Comedy SNAFU,en,2022-04-23,,[],neutral,0.0,187.0,0.0
anime comedy,fayevflave,I feel like every time someone asks me my top 5 anime it always changes but here we go Recovery of an MMO Junkie My Teen Romantic Comedy SNAFU Shokugeki no Soma Kiddy Grade Ichigo 100 Tryna tag LennaVTuber thefantasyfen amp MochiFTW,en,2022-04-23,Fan Name: FLAVEoritesüç°,[],positive,5.0,0.0,0.2604166666666667
anime comedy,rongrongdork,AngryAria Komisan Cant Communicate has all their characters name in pun But its a comedy anime the names are most probably intentional so you couldnt really say anything about it,en,2022-04-23,Camp Half Blood,[],positive,0.0,0.0,0.35
anime comedy,ChezzyNeo,olivertokar AnimeHype I dont know dude I get what you are saying but can you tell me other anime that made for full family Its getting famous bcoz their is not a single sexual jokes and there is almost everything for every taste Action comedy wholesome father daughter beautiful relationship,en,2022-04-23,,[],positive,8.0,0.0,0.3158163265306122
anime comedy,BingewatchT,3 BEST ROMANTIC MOVIES TO WATCH 1 A WALK TO REMEMBER 2 NOTEBOOK3 TITANIC romcom romance bookstagram comedy romanticcomedy love movies film movie books booklover kdrama netflix anime bookstagrammer romancebooks bookworm s drama cinema manga,en,2022-04-23,,"['romcom', 'romance', 'bookstagram', 'comedy', 'romanticcomedy', 'love', 'movies', 'film', 'movie', 'books', 'booklover', 'kdrama', 'netflix', 'anime', 'bookstagrammer', 'romancebooks', 'bookworm', 's', 'drama', 'cinema', 'manga']",positive,0.0,0.0,0.5
anime comedy,ReAnimetron,RT RedditMemes18 breathe rshitpostingmeme memes funny dankmemes memesdaily funnymemes lol follow humor like dank love,en,2022-04-23,Animeland,"['meme', 'memes', 'funny', 'dankmemes', 'memesdaily', 'funnymemes', 'lol', 'follow', 'humor', 'like', 'dank', 'love']",positive,0.0,1.0,0.525
anime comedy,The_Otaku_kun,RT WaifuAnimeMan Yui Anime My Teen Romantic Comedy SNAFU,en,2022-04-23,,[],neutral,0.0,187.0,0.0
anime comedy,Kitakubu1010,RT WaifuAnimeMan Yui Anime My Teen Romantic Comedy SNAFU,en,2022-04-23,„Ç™„É©„É™„Ç™,[],neutral,0.0,187.0,0.0
anime comedy,mags_duranb,Spy x Family anime is airing now I stil havent watched it for lack of time and also short attention span But I hope to do it this weekend A fun manga with amazing art the action sequences are my favorite and Endo sensei can do drama and comedy effortlessly a must read,en,2022-04-23,Mexico,[],positive,4.0,0.0,0.325
anime comedy,Gabe_Green_Lant,RT WaifuAnimeMan Yui Anime My Teen Romantic Comedy SNAFU,en,2022-04-23,Algun Lugar de Oa,[],neutral,0.0,187.0,0.0
anime comedy,pekopekoJDM,RT WaifuAnimeMan Yui Anime My Teen Romantic Comedy SNAFU,en,2022-04-23,ÊØç„ÅÆ„ÅäËÖπ,[],neutral,0.0,188.0,0.0
anime comedy,arutakittitat,RT WaifuAnimeMan Yui Anime My Teen Romantic Comedy SNAFU,en,2022-04-23,,[],neutral,0.0,188.0,0.0
anime comedy,Gabe_Green_Lant,RT WaifuAnimeMan Yui Anime My Teen Romantic Comedy SNAFU,en,2022-04-23,Algun Lugar de Oa,[],neutral,0.0,188.0,0.0
anime comedy,pekopekoJDM,RT WaifuAnimeMan Yui Anime My Teen Romantic Comedy SNAFU,en,2022-04-23,ÊØç„ÅÆ„ÅäËÖπ,[],neutral,0.0,187.0,0.0
anime comedy,ky_rinchan,RT WaifuAnimeMan Yui Anime My Teen Romantic Comedy SNAFU,en,2022-04-23,Hong Kong,[],neutral,0.0,187.0,0.0
anime comedy,huetaoh,RT WaifuAnimeMan Yui Anime My Teen Romantic Comedy SNAFU,en,2022-04-23,,[],neutral,0.0,187.0,0.0
anime comedy,Rogelio44406151,RT WaifuAnimeMan Yui Anime My Teen Romantic Comedy SNAFU,en,2022-04-23,,[],neutral,0.0,258.0,0.0
anime comedy,watashikalizard,RT WaifuAnimeMan Yui Anime My Teen Romantic Comedy SNAFU,en,2022-04-23,your mom's house,[],neutral,0.0,258.0,0.0
